id,isDefault
1000575,0.0071114
1028125,0.049494299
1010694,0.002467691
1026712,0.000608609
1002895,0.007561253
1023930,0.309144603
1031202,0.040567114
1041065,0.002061086
1037799,0.017592995
1036385,0.003944011
1028640,0.142032257
1046198,0.005724041
1005902,0.022492146
1001958,0.015697342
1021171,0.010360273
1018693,0.014713682
1046881,0.06106778
1008394,0.333653266
1039986,0.1066859
1028449,0.559714521
1037670,0.007120173
1030356,0.004846623
1047759,0.380216771
1033422,0.009865735
1041457,0.005457423
1047669,0.513818603
1013635,0.000792065
1009911,0.004078581
1026052,0.018037126
1013010,0.0095862
1000541,0.008093609
1023933,0.013542849
1017173,0.092096508
1010278,0.020905876
1042322,0.013766133
1035083,0.046888041
1017136,0.0135221
1008825,0.012811674
1035744,0.107347873
1019544,0.575453781
1019583,0.374789552
1015244,0.016347768
1001057,0.026226116
1018597,0.009415408
1036106,0.348593436
1021590,0.004682558
1028479,0.124816058
1022178,0.150568675
1021768,0.024647795
1044905,0.036221889
1018188,0.018689524
1034782,0.079002427
1043358,0.43994465
1012386,0.011722662
1019710,0.62773325
1003882,0.005241787
1041743,0.013096647
1045699,0.296359059
1023722,0.102161765
1005903,0.346455593
1032382,0.07297285
1032769,0.035924396
1016556,0.140143573
1018606,0.005569937
1034996,0.016198865
1030041,0.007978125
1034236,0.305317367
1027554,0.171038948
1005162,0.100800361
1011175,0.054306391
1033902,0.192778664
1014356,0.307360037
1045176,0.325238039
1048152,0.362579138
1026600,0.049411406
1046111,0.5667529
1010478,0.004190878
1019200,0.05521058
1030818,0.001138
1041083,0.061942106
1020605,0.010205143
1020932,0.535070551
1031833,0.034521179
1002413,0.660570107
1015116,0.00166772
1011414,0.029074589
1032688,0.019861532
1011934,0.372110556
1024629,0.008237996
1033891,0.004019826
1024842,0.004570636
1027018,0.0028487
1004702,0.013612744
1009408,0.348150141
1026577,0.017462175
1039347,0.007044056
1027392,0.008997985
1033583,0.668765066
1030357,0.569420601
1036590,0.001603642
1019761,0.037054345
1011949,0.003978617
1035693,0.004948817
1021378,0.005111325
1031346,0.069794589
1017477,0.232342632
1048032,0.03173138
1038679,0.016129759
1007051,0.051682265
1000452,0.00394451
1013922,0.055394802
1046564,0.004008462
1017521,0.000890411
1009082,0.014999351
1015316,0.006380984
1017718,0.008845605
1021027,0.010344943
1028958,0.194765545
1035453,0.647913112
1024280,0.032580505
1018505,0.716423693
1010128,0.074230793
1007386,0.008616928
1009167,0.002054503
1037585,0.00630625
1026043,0.282156337
1024570,0.144447087
1038043,0.361712488
1037576,0.054937593
1039779,0.010993584
1004522,0.015606837
1007364,0.013836036
1008846,0.004473127
1000603,0.002751211
1021829,0.010588309
1044059,0.012142167
1044404,0.57240123
1012497,0.034769418
1013466,0.010140558
1038891,0.018145211
1010547,0.012106223
1023850,0.694025026
1018544,0.02789842
1018208,0.373513359
1026767,0.110295043
1034103,0.08328785
1026183,0.371727848
1006844,0.004699179
1035884,0.306094808
1008717,0.007038329
1023969,0.026804684
1046972,0.015399454
1039065,0.002658524
1007767,0.009134927
1033865,0.084087127
1040701,0.393823656
1011770,0.122718211
1048315,0.300375971
1030629,0.121885678
1002486,0.174000423
1035595,0.43684491
1000629,0.531752059
1022972,0.311010603
1034681,0.001064834
1022023,0.401636655
1009765,0.009987763
1044865,0.002511801
1037277,0.404028596
1012272,0.01414442
1040995,0.027755124
1047338,0.131563452
1045052,0.006974771
1029847,0.001205832
1018987,0.010362725
1040155,0.008051954
1001734,0.294047697
1008795,0.058438842
1032664,0.155562664
1034740,0.063226378
1017204,0.056636507
1010766,0.077902076
1031660,0.138896175
1007238,0.464203482
1020555,0.133041088
1046278,0.004702136
1010915,0.012642428
1046598,0.012378439
1037912,0.19808332
1042520,0.364901869
1043332,0.730019805
1040643,0.096794528
1025913,0.105247278
1031268,0.090826811
1046418,0.267607881
1026392,0.239765956
1049286,0.267524951
1034359,0.016427508
1014506,0.156902557
1031580,0.153561282
1038801,0.182305435
1041903,0.529493835
1010056,0.169730663
1013643,0.420236006
1046980,0.190600294
1012709,0.246112794
1018512,0.353848433
1014724,0.001334076
1030802,0.019991996
1014306,0.280087347
1049297,0.105717521
1036358,0.056046004
1040977,0.508737324
1035734,0.319584916
1019782,0.304887899
1039519,0.153894485
1005038,0.236024717
1040728,0.254926485
1008449,0.013398134
1019069,0.609723264
1023717,0.002473941
1046007,0.003916618
1009223,0.016357503
1040241,0.022127877
1046923,0.026040651
1041166,0.382763808
1042733,0.006928787
1008065,0.00367422
1008164,0.445323504
1032019,0.09168261
1037629,0.258974745
1043927,0.325647193
1027670,0.108966242
1017353,0.037028775
1024141,0.065030298
1042069,0.112682628
1024398,0.228001054
1045922,0.663981894
1020400,0.010715542
1011500,0.004476469
1038606,0.097314153
1025972,0.040268565
1002263,0.802162859
1025557,0.006662636
1031479,0.005794466
1025480,0.014082535
1009819,0.218543608
1007123,0.004100413
1024198,0.039450031
1025725,0.626364949
1012988,0.032520592
1009487,0.004841785
1039865,0.017021696
1018599,0.003322144
1009489,0.253641783
1041868,0.079923848
1047948,0.217970979
1046133,0.109130074
1026260,0.402869863
1031970,0.18103164
1032976,0.290158497
1035576,0.136523198
1029414,0.209078072
1020223,0.014794121
1011891,0.001090799
1039155,0.431402573
1049708,0.029441454
1011497,0.569880695
1003658,0.003148995
1048635,0.000503865
1019684,0.033365951
1017666,0.003383981
1010777,0.277272656
1032325,0.153669988
1009834,0.283307037
1028976,0.281081597
1000023,0.267305696
1038750,0.33652663
1039210,0.109987527
1021115,0.283532727
1008255,0.075250397
1043035,0.024290759
1017174,0.643960881
1047924,0.434489423
1038586,0.004821405
1011805,0.005531759
1048311,0.009081506
1044609,0.001607207
1001320,0.001589757
1044992,0.315921931
1027123,0.008515829
1002344,0.005849219
1023161,0.008172362
1017527,0.007145121
1025805,0.005757211
1001488,0.411751732
1043664,0.013037917
1002051,0.044448882
1044756,0.007678195
1046992,0.001273815
1029657,0.427201884
1021900,0.437046416
1037278,0.342918398
1025134,0.34380843
1045543,0.181336525
1002896,0.036589494
1010600,0.334374096
1014618,0.366419727
1003535,0.465459199
1046540,0.005158664
1024939,0.018692993
1039793,0.010901029
1034152,0.492384451
1045428,0.007426145
1042718,0.441562286
1010816,0.001052034
1000763,0.020804341
1019619,0.003088776
1028129,0.002478357
1025519,0.023370484
1024757,0.16533279
1002790,0.007277541
1036698,0.003899379
1008144,0.00306127
1008085,0.257912452
1001394,0.010212768
1020391,0.004036284
1029372,0.049142795
1006486,0.446403983
1007830,0.607332047
1032904,0.43086871
1024111,0.416351255
1048195,0.354850602
1003144,0.645145109
1023438,0.06005272
1004329,0.239293959
1024473,0.376001826
1024970,0.011792624
1020904,0.003157361
1041784,0.007662368
1010047,0.023107422
1035244,0.018633585
1023875,0.001758069
1003764,0.011773297
1029025,0.011214577
1033300,0.007149822
1009135,0.030091837
1044352,0.503861788
1021747,0.012845994
1041665,0.006292815
1000368,0.020148014
1016906,0.000390668
1016805,0.003546958
1028933,0.010042273
1001776,0.003355036
1049973,0.013123721
1020329,0.651253541
1026702,0.349450345
1029160,0.433860267
1039908,0.268687169
1003632,0.178891738
1013239,0.221719587
1014009,0.238018644
1008187,0.136728076
1000645,0.041924152
1037395,0.507615441
1007003,0.002601236
1037190,0.003313087
1004658,0.005899971
1031972,0.014867579
1046675,0.00132283
1031897,0.004837851
1014909,0.008283131
1048261,0.328785536
1019310,0.009172681
1027904,0.425554348
1038726,0.269088768
1002951,0.004302788
1024828,0.017310614
1023482,0.001038166
1037593,0.244085652
1017584,0.354114948
1030733,0.191343214
1039785,0.296458386
1012324,0.249387306
1022787,0.146671938
1003462,0.273703342
1030142,0.109303969
1041632,0.079927733
1023457,0.01140778
1011260,0.021423612
1046672,0.000662308
1036347,0.261445728
1001120,0.023375101
1038629,0.005231576
1019702,0.006202265
1006084,0.011705209
1031837,0.004589502
1027440,0.027924653
1002291,0.04868799
1019211,0.005629877
1024802,0.347590983
1040466,0.486536655
1002567,0.077103097
1023822,0.284447361
1039090,0.26297561
1000687,0.079354797
1046046,0.074315654
1026806,0.283632638
1035794,0.381740856
1049758,0.118679841
1015405,0.090411666
1006713,0.012755364
1048134,0.000839593
1022539,0.017191487
1038388,0.005304971
1000241,0.010087598
1021910,0.57570934
1037581,0.006314595
1015492,0.097603863
1038485,0.478083784
1036104,0.147311893
1002815,0.307838452
1028367,0.198180046
1013467,0.111499469
1039922,0.251626563
1009987,0.081570741
1014226,0.151176723
1003710,0.010322316
1036372,0.00255716
1012012,0.00580769
1022842,0.016631273
1047163,0.009000248
1008640,0.037840872
1009835,0.255795183
1012571,0.399373399
1028889,0.067916754
1045707,0.066848325
1035386,0.109120186
1014936,0.457478189
1045463,0.113022141
1016814,0.154813689
1035379,0.103867177
1004310,0.669022024
1027213,0.493994549
1006288,0.010339273
1001075,0.002398968
1037535,0.004902317
1039778,0.003259529
1035776,0.003498547
1027737,0.191736331
1006349,0.157357661
1004994,0.402827609
1015493,0.049290311
1023217,0.272434254
1011970,0.194450605
1041387,0.450609084
1003307,0.316518197
1020497,0.286529172
1020418,0.002244878
1035816,0.094314093
1002908,0.594574547
1049271,0.380949495
1000235,0.002451585
1027315,0.029165183
1002958,0.017582022
1034549,0.543940691
1042173,0.007393491
1001367,0.005388115
1048838,0.006819731
1035740,0.003028217
1013044,0.002351024
1023046,0.009700819
1012481,0.022608971
1015150,0.088851019
1011069,0.119391155
1028495,0.136779398
1007025,0.474934477
1002942,0.351658239
1002551,0.230000933
1015879,0.18302378
1045099,0.106816173
1017965,0.174164709
1031750,0.036946568
1029705,0.236292021
1026938,0.024277027
1048185,0.016437887
1040230,0.039298738
1039826,0.450669276
1009192,0.009479393
1031387,0.005774047
1044820,0.035132883
1048284,0.513518782
1043644,0.203362041
1006020,0.57202685
1014626,0.488787445
1002667,0.073645663
1020510,0.219235548
1001241,0.309550234
1019105,0.540309459
1000682,0.198793252
1035786,0.011964934
1029873,0.394343986
1009162,0.283013671
1046463,0.310868115
1020249,0.205237838
1026875,0.116499439
1048935,0.296473852
1021439,0.183746557
1000744,0.044665771
1018249,0.195061051
1015635,0.293187085
1025003,0.526708327
1047194,0.003326144
1037722,0.435747325
1001623,0.010783252
1019298,0.059025976
1004404,0.008448946
1005109,0.004997783
1019077,0.115386276
1010191,0.047739134
1011766,0.05889537
1047521,0.107410687
1043876,0.196346613
1018965,0.073056882
1029881,0.115622929
1024650,0.079851068
1042522,0.170679776
1030513,0.013425537
1049815,0.007753771
1032611,0.001402768
1049575,0.139194044
1005571,0.623172819
1049839,0.209784907
1030348,0.202030523
1021548,0.299227798
1022606,0.120273103
1010809,0.571748793
1012461,0.136048357
1022747,0.466396208
1005520,0.007113044
1025618,0.594547653
1032046,0.020734342
1039850,0.19238848
1000160,0.559575199
1026468,0.19486755
1020420,0.077527087
1023405,0.101548023
1019740,0.056372627
1040117,0.28788126
1030062,0.043330607
1007306,0.403337168
1031024,0.013017358
1008518,0.009257633
1013733,0.013208703
1021983,0.334293493
1031711,0.616276908
1041602,0.12034145
1047490,0.240857609
1030439,0.136342782
1001346,0.48300209
1044410,0.770248218
1023428,0.142468331
1049246,0.087818843
1017690,0.005899107
1040764,0.066850262
1037250,0.002800789
1049711,0.060721123
1031392,0.179264915
1002403,0.037287092
1021322,0.26907936
1014596,0.041308736
1009469,0.200265177
1034036,0.159727065
1005984,0.283032611
1044720,0.141941419
1020565,0.488166509
1048177,0.00615627
1026972,0.006569965
1010632,0.474219483
1004650,0.26616621
1036738,0.566734682
1015213,0.279829664
1038459,0.145877546
1010073,0.637390068
1015508,0.153094575
1013480,0.331668338
1013193,0.498471204
1019598,0.036247706
1032470,0.000778601
1000355,0.003738348
1017879,0.004847177
1023925,0.512749815
1042655,0.005276455
1023181,0.005107616
1011529,0.001498737
1003358,0.051175479
1028136,0.003084176
1020534,0.011102418
1037647,0.002421577
1020809,0.002965773
1046592,0.02089524
1048476,0.007464122
1047773,0.009357496
1026119,0.04841866
1032850,0.032383898
1024751,0.011748757
1046934,0.282474062
1029190,0.006032482
1041125,0.001706491
1036822,0.001638816
1044451,0.009429921
1038756,0.007066986
1018751,0.022113295
1027136,0.019423816
1045625,0.480674296
1015768,0.016610904
1034633,0.384101869
1017595,0.020709695
1027334,0.007338359
1003630,0.042575386
1007073,0.480232553
1016183,0.012452036
1013179,0.002367206
1009435,0.010003043
1041970,0.002035731
1004317,0.003149569
1012281,0.078880075
1046872,0.010766784
1013312,0.011934743
1003855,0.021144072
1029444,0.005569982
1030607,0.039741144
1003943,0.021522339
1025172,0.006371574
1047691,0.003521608
1038275,0.429264144
1000692,0.008206515
1008348,0.253522136
1024959,0.002220419
1020043,0.002355695
1038627,0.010341091
1015399,0.634733752
1009954,0.014902874
1016547,0.015759133
1010059,0.00209464
1005266,0.008880174
1024996,0.003755461
1020830,0.003223669
1031284,0.068700433
1025877,0.561456684
1016830,0.609975891
1020436,0.583040873
1017380,0.424825403
1009815,0.111423665
1049981,0.254158724
1021723,0.153813487
1038219,0.404664461
1022696,0.110047477
1029800,0.037935214
1019810,0.55576451
1015131,0.001464174
1029953,0.001606766
1037295,0.305244177
1023288,0.009286268
1014450,0.014110195
1030169,0.009330886
1028921,0.013844812
1002906,0.247769562
1004464,0.051792221
1006851,0.163991572
1038341,0.1505328
1020366,0.206156355
1041892,0.469508979
1027934,0.173109637
1035935,0.388859512
1040864,0.59785634
1034258,0.190210227
1020747,0.004830331
1009251,0.003041992
1023974,0.040066903
1002628,0.007119755
1005158,0.002144295
1020412,0.010151129
1003013,0.406208362
1015004,0.070668607
1030360,0.178182911
1027061,0.091119394
1006441,0.137668112
1020239,0.057056012
1027923,0.52819581
1026685,0.078788429
1039194,0.072706865
1011539,0.536270932
1002092,0.000712822
1028541,0.011016342
1042437,0.00324792
1044538,0.005323324
1040351,0.031341361
1014358,0.048338171
1027505,0.00233339
1034392,0.00064734
1001382,0.010106471
1032362,0.002075392
1001039,0.566498783
1005346,0.738136649
1022345,0.002095328
1019476,0.067682038
1034355,0.012167815
1025170,0.46253102
1039683,0.020695554
1009460,0.016209232
1014079,0.015021624
1012956,0.001817094
1017071,0.002051187
1016491,0.012598711
1008866,0.003872581
1014903,0.272749598
1035867,0.362534772
1023329,0.016176546
1034296,0.013660012
1018939,0.05277521
1019233,0.008328918
1016434,0.004179876
1030053,0.008860157
1026263,0.049609516
1003668,0.441169589
1014770,0.016657955
1011532,0.003151736
1039434,0.321360266
1015969,0.000660644
1020509,0.480652004
1045842,0.675284869
1014217,0.557068542
1044523,0.000652206
1007891,0.208569809
1029319,0.019790326
1019454,0.00040365
1012869,0.013780723
1019664,0.015580583
1017296,0.002927705
1024654,0.033280854
1049404,0.337055679
1036821,0.014751564
1017426,0.004637579
1003038,0.003591181
1007250,0.003613223
1034513,0.007655393
1022656,0.000811294
1030201,0.43125084
1017321,0.042705361
1019574,0.008803144
1046655,0.022245546
1038701,0.004194826
1010798,0.246745207
1008201,0.021034832
1031909,0.002587581
1032039,0.001310167
1046386,0.014136606
1009399,0.002873949
1026804,0.012323612
1008052,0.004219528
1008319,0.510635256
1005956,0.001015617
1041468,0.005724534
1005015,0.008691424
1023465,0.405045486
1003252,0.00670065
1002437,0.50295544
1001243,0.156148467
1036329,0.627999075
1019969,0.044160589
1014885,0.008611709
1002454,0.004299466
1020898,0.016835524
1004302,0.008968375
1035490,0.00456198
1015885,0.001884851
1005138,0.088439418
1041301,0.028650251
1037468,0.127997205
1001278,0.002466963
1005761,0.008362707
1002485,0.045753347
1008339,0.020659537
1018826,0.530229253
1040868,0.005777988
1036500,0.00648744
1007674,0.007929941
1047204,0.013036523
1003674,0.012631678
1043075,0.696368541
1043608,0.601533298
1001739,0.003205849
1005757,0.004706445
1041326,0.011089104
1021168,0.001644123
1009494,0.01760139
1032337,0.007416274
1000558,0.338945945
1046865,0.001707201
1013781,0.00101182
1012624,0.34126905
1032001,0.372185928
1009631,0.011339186
1024104,0.628536766
1035496,0.009744265
1006862,0.02694033
1003364,0.007793547
1039020,0.015836008
1011256,0.636039214
1021056,0.434483733
1019487,0.009364136
1016996,0.007940706
1030549,0.007418966
1001487,0.003804487
1042063,0.004938807
1031579,0.03776114
1033816,0.022516506
1028500,0.005533399
1016201,0.010568988
1012343,0.00268244
1043269,0.039617807
1025509,0.008310137
1019678,0.018022378
1032981,0.498159988
1039193,0.001801423
1017886,0.005083192
1025607,0.004531045
1003194,0.602510816
1028273,0.024324062
1011378,0.005204696
1022690,0.00430009
1025042,0.001950655
1046909,0.012146904
1022968,0.001189734
1009824,0.001719488
1022206,0.152286001
1022382,0.007050839
1006024,0.000771524
1002046,0.004589694
1042194,0.003005659
1005289,0.69064265
1038697,0.007875059
1030553,0.010172767
1036069,0.00097447
1018824,0.00650708
1005084,0.011369557
1041241,0.003323539
1009028,0.024390962
1032677,0.265902523
1030574,0.001929141
1018060,0.005097526
1044047,0.484780808
1023163,0.009643742
1035620,0.550597521
1023168,0.486173995
1041730,0.006684959
1004556,0.006637729
1048817,0.01011516
1002011,0.395201959
1018721,0.008018345
1021627,0.416312009
1036185,0.01388157
1047136,0.000418248
1036032,0.005109209
1049878,0.002321579
1037150,0.004766024
1003433,0.010848016
1008273,0.001217988
1027347,0.094388462
1047246,0.015921607
1036647,0.006826958
1035598,0.015264977
1034510,0.002527025
1038004,0.520416898
1004664,0.018538333
1042180,0.008853228
1041865,0.05867724
1021504,0.002417904
1048365,0.462586085
1032855,0.468784868
1046760,0.0023309
1024327,0.209482427
1016843,0.005000068
1024219,0.011892808
1003834,0.005252944
1030174,0.500968107
1045001,0.010595441
1021435,0.005622949
1018227,0.01515268
1036563,0.003083802
1002831,0.006351677
1031981,0.031880682
1039811,0.012202899
1031460,0.048118572
1023762,0.0118283
1030209,0.00129156
1022591,0.004240706
1000971,0.41039443
1032219,0.005414971
1009997,0.001596674
1049227,0.001029368
1016107,0.00780114
1036216,0.018405973
1049605,0.002839926
1008316,0.011480318
1015903,0.03060799
1043337,0.003622251
1036866,0.009087317
1039695,0.024884507
1003821,0.014134974
1048787,0.013738611
1002008,0.011772252
1006539,0.48348386
1016911,0.016198517
1036406,0.441610698
1045253,0.008058405
1011218,0.008221715
1041680,0.00195085
1047538,0.003376723
1006593,0.001786815
1007348,0.629828202
1019501,0.006976812
1012549,0.005323857
1001893,0.247200921
1036148,0.008842145
1034853,0.011896361
1044044,0.009859169
1039821,0.015292046
1044122,0.060626521
1033479,0.007896808
1024071,0.756797139
1010042,0.00064632
1023968,0.011400255
1009950,0.626275637
1022445,0.004254104
1040223,0.042035892
1010000,0.009389997
1021336,0.007009843
1018200,0.001377738
1036687,0.022043265
1011046,0.250166032
1000332,0.021095891
1015527,0.002522256
1033941,0.013239622
1018941,0.010409706
1029282,0.008679759
1002554,0.011145067
1043683,0.004262621
1012074,0.030746338
1049948,0.125157926
1000548,0.003451793
1048634,0.020170063
1037789,0.007694638
1004493,0.024728992
1044886,0.001065581
1028629,0.009709944
1046481,0.043087786
1026667,0.022146312
1039809,0.374247164
1011079,0.001670279
1019578,0.017403401
1011483,0.009092491
1049883,0.031291334
1003123,0.036783058
1033580,0.021735536
1012879,0.015445692
1021282,0.663149869
1020766,0.116599846
1000009,0.274360846
1048265,0.18010884
1010807,0.471852192
1021052,0.074651638
1035183,0.453840923
1010261,0.144938017
1024248,0.421647012
1027384,0.057926925
1009864,0.002929969
1021002,0.005386098
1026459,0.23609072
1030414,0.031142223
1005803,0.246093696
1026257,0.005611902
1020702,0.003761338
1044920,0.335072483
1047106,0.171893811
1002037,0.128428394
1024763,0.412333328
1035172,0.547556691
1023445,0.292527832
1035180,0.493407743
1039036,0.474739898
1048255,0.494165259
1014609,0.020920589
1021865,0.004734421
1013693,0.039586498
1007103,0.002135883
1033995,0.005675176
1025954,0.027379925
1042620,0.01000198
1047927,0.011037592
1024380,0.007452666
1043575,0.22897404
1032062,0.056282165
1008331,0.366158881
1000559,0.083316048
1023570,0.816765694
1027028,0.287319454
1007772,0.073344881
1000915,0.184849524
1011866,0.066454274
1035741,0.014365333
1043537,0.007593557
1041212,0.004165321
1046700,0.001192539
1004179,0.011977599
1006149,0.001609545
1040089,0.467943021
1039899,0.00255606
1049820,0.004078098
1020019,0.022419504
1012419,0.012330969
1030628,0.259745345
1005599,0.119175802
1016918,0.128526088
1041957,0.514387654
1025993,0.357664694
1025077,0.546267588
1043179,0.27615309
1033929,0.392130916
1003627,0.230753979
1048936,0.243863826
1021775,0.010510541
1019505,0.004760041
1014397,0.010028283
1016853,0.510800509
1032514,0.439217324
1026525,0.093509447
1015662,0.08544077
1001618,0.095284954
1035202,0.34697885
1002420,0.475779829
1036502,0.380965773
1009781,0.751046503
1040563,0.00224436
1039762,0.00080784
1041472,0.001129945
1014415,0.067410147
1019773,0.078268207
1030374,0.496625447
1048758,0.308610227
1023746,0.126779205
1013586,0.442471642
1039920,0.084590479
1006141,0.183322694
1043062,0.153672486
1043041,0.264243465
1033113,0.00166299
1004684,0.046534438
1048870,0.011334595
1018057,0.003153067
1022361,0.009544893
1003808,0.509081239
1034710,0.007077311
1035915,0.033493555
1005963,0.011370282
1024047,0.008049125
1047259,0.041312345
1014649,0.002753774
1027953,0.284366905
1015313,0.037360915
1041773,0.003324615
1017137,0.364393042
1049157,0.001619826
1044623,0.007637797
1020371,0.109125141
1018583,0.005475595
1012392,0.002186643
1025850,0.014463778
1033640,0.012176373
1043727,0.028123743
1031473,0.013489068
1017232,0.008629722
1041176,0.02629954
1013589,0.001791922
1019965,0.40744135
1021763,0.007523754
1037606,0.043716773
1024197,0.590727338
1005209,0.00516372
1000974,0.678766417
1039706,0.010190861
1029996,0.000876739
1025105,0.009679512
1002207,0.020894683
1004890,0.006085423
1044818,0.008198785
1002165,0.001090654
1039823,0.603472956
1047339,0.01451339
1022727,0.009322457
1015669,0.029763594
1027997,0.054805934
1011097,0.144990392
1008325,0.000963041
1015309,0.003989628
1028812,0.788006939
1003104,0.004506468
1034761,0.464370386
1037339,0.002525919
1008130,0.010530907
1009894,0.003535252
1016170,0.067383776
1011410,0.000965176
1007270,0.002115747
1030688,0.008874215
1020527,0.001277683
1025009,0.672113828
1035621,0.573157011
1017323,0.000960643
1049580,0.024138037
1049230,0.0118607
1017389,0.462197121
1024659,0.014995622
1004016,0.003231483
1045252,0.077347723
1040931,0.491524847
1021707,0.014733852
1017505,0.006640016
1035721,0.004983672
1007746,0.006475323
1019682,0.030759611
1047600,0.803741535
1023371,0.2329339
1048025,0.326042149
1019472,0.002035074
1026697,0.00568745
1031910,0.054681697
1030795,0.012893772
1014846,0.008697247
1024496,0.383581359
1001037,0.008447994
1031228,0.023929305
1030536,0.011471315
1005240,0.008004081
1007859,0.003304009
1013003,0.003223491
1021372,0.007804564
1041314,0.030161232
1040173,0.617558395
1014357,0.342984291
1042531,0.138390482
1021298,0.328917035
1006960,0.19895534
1000509,0.461171206
1011918,0.447632943
1031899,0.255230951
1027410,0.296376799
1011514,0.001134062
1035831,0.009798995
1018418,0.000276537
1049748,0.00137348
1005515,0.020071015
1014907,0.312097235
1007542,0.004008689
1008148,0.018353022
1018921,0.006881097
1035512,0.002898817
1034228,0.006257923
1025408,0.017315008
1046631,0.464649066
1030424,0.045922323
1004450,0.401286081
1049739,0.420143492
1042010,0.463554336
1012799,0.288735435
1019646,0.419247812
1037965,0.065955474
1034313,0.204247983
1006232,0.002702706
1008988,0.008785255
1002632,0.578341709
1019018,0.009876441
1045852,0.011132539
1017038,0.001250724
1025096,0.007418096
1042247,0.006013571
1005699,0.461772397
1041807,0.012050953
1035165,0.149130009
1042122,0.004216351
1040523,0.557581492
1028720,0.004143965
1031316,0.012266143
1016353,0.312685687
1047764,0.165031235
1024408,0.314131526
1047069,0.583698761
1000091,0.285996982
1016870,0.085603859
1019016,0.266531326
1017163,0.076299058
1034073,0.220871007
1030366,0.007758462
1010091,0.492692124
1029936,0.089830682
1028901,0.002232634
1034601,0.000819062
1002561,0.430523639
1030859,0.003778747
1026384,0.003860138
1008663,0.02095928
1036295,0.034046538
1021798,0.018309156
1021631,0.738540543
1004426,0.0734223
1027928,0.149238984
1040929,0.000763829
1031860,0.002191407
1001174,0.020022478
1020466,0.011935134
1015174,0.021058094
1025389,0.776596764
1035795,0.090582797
1000076,0.008527707
1015506,0.022866759
1011040,0.729508907
1043663,0.026510174
1006099,0.048077475
1012744,0.01073171
1025661,0.010638999
1041687,0.006640264
1018234,0.026427042
1020882,0.001284025
1044082,0.031213144
1034013,0.69226172
1009069,0.020608538
1015854,0.017839166
1028364,0.457866219
1001513,0.037154599
1032172,0.043924374
1049493,0.008711964
1016421,0.001079803
1048659,0.005528314
1048521,0.004424696
1026652,0.328355007
1003176,0.630150362
1045951,0.40059631
1021102,0.224134405
1033557,0.50345938
1042840,0.187202894
1045774,0.571184156
1015522,0.126195138
1041084,0.106079767
1035150,0.004892358
1001885,0.006899924
1044267,0.004281965
1048925,0.004273614
1040415,0.003154674
1030032,0.005319492
1036346,0.507375699
1011247,0.013389322
1043204,0.008006983
1021205,0.435041882
1037546,0.00089047
1011413,0.002982055
1049699,0.000652985
1026986,0.007798472
1004628,0.197591053
1044387,0.019705976
1039484,0.002569411
1033527,0.249073684
1046732,0.250838552
1049732,0.309317219
1046064,0.106476514
1016761,0.286788908
1047898,0.283181751
1005303,0.492211594
1049264,0.223517951
1036438,0.052706664
1036379,0.06956751
1005009,0.011139698
1038693,0.005995789
1022935,0.013128322
1008564,0.21180494
1024767,0.002079481
1041830,0.014830219
1027272,0.064870662
1031156,0.004403492
1006602,0.003517028
1016475,0.008811388
1012118,0.493298172
1007712,0.001746752
1020130,0.105291925
1048049,0.168491691
1015160,0.012422155
1049414,0.283684713
1022592,0.254536959
1013521,0.665084814
1021832,0.337712106
1010660,0.195578968
1027974,0.123472165
1040452,0.435345536
1024587,0.653913818
1025020,0.14648735
1033448,0.001408971
1046993,0.00192546
1040498,0.194264416
1003551,0.009851642
1035248,0.022431897
1049827,0.002172756
1049013,0.034395019
1038123,0.010427182
1005619,0.017820046
1042085,0.005025975
1039222,0.027200059
1030595,0.040471631
1034204,0.088998559
1037757,0.00983144
1011550,0.279346681
1030761,0.120022285
1001560,0.431268148
1007563,0.138597465
1008758,0.125928788
1039340,0.03687731
1018566,0.227231739
1031360,0.089999688
1020479,0.198938628
1006760,0.148064828
1016026,0.016098299
1008820,0.001159869
1012938,0.002273783
1048527,0.007046875
1027654,0.014996854
1018592,0.007063529
1044556,0.007648085
1014463,0.412733149
1011322,0.011606642
1036747,0.052785066
1022859,0.573834873
1045067,0.062137608
1035674,0.070668557
1011605,0.372221779
1000641,0.495399305
1021411,0.122094618
1022660,0.271270971
1024267,0.38013672
1046047,0.002706336
1001610,0.006449869
1012677,0.017985011
1014311,0.001560886
1009941,0.011206528
1001062,0.031571591
1015693,0.346944901
1003051,0.007189143
1026160,0.00081095
1029946,0.210335059
1018788,0.199242708
1040515,0.110952106
1035552,0.207317298
1049113,0.112966142
1044864,0.118322424
1024488,0.36383791
1017464,0.07723843
1044965,0.559857886
1005082,0.009223667
1048257,0.046456078
1025910,0.001621108
1015646,0.010097302
1047220,0.027430545
1028437,0.19062391
1045515,0.013755795
1008968,0.022479414
1017026,0.002437113
1008060,0.052700243
1014802,0.42410425
1043084,0.182765748
1026125,0.07841581
1027155,0.250450503
1013344,0.106794454
1031414,0.094182054
1000711,0.1401553
1025316,0.125206447
1001168,0.010483234
1005796,0.002381923
1034906,0.008083519
1042335,0.00880199
1035856,0.00086104
1016224,0.029684572
1012844,0.308292332
1035536,0.50018315
1011115,0.003572137
1039622,0.587446958
1037663,0.606608507
1017581,0.184523811
1011635,0.553534474
1004549,0.282384552
1046330,0.086473332
1004926,0.179729327
1042632,0.723161113
1040596,0.422977067
1043199,0.05237579
1012578,0.004920159
1015091,0.013950971
1047897,0.023212428
1021639,0.004999196
1021698,0.004277497
1001087,0.471065321
1021919,0.171700396
1036579,0.260160031
1017367,0.220165181
1006558,0.368169356
1019307,0.404383414
1025620,0.091488129
1033739,0.05226129
1001246,0.354862973
1001028,0.00440236
1031435,0.030686525
1014200,0.588981657
1031991,0.006783678
1035071,0.006850042
1025129,0.26844053
1012788,0.049312692
1003699,0.009398913
1006495,0.001225571
1001543,0.084052661
1033339,0.200215085
1013791,0.34557466
1026585,0.185543465
1006132,0.371305225
1005113,0.627936449
1002993,0.174979306
1011061,0.082426902
1026374,0.461422843
1023791,0.885592758
1020525,0.005474323
1033713,0.007962946
1039947,0.009070868
1037373,0.04673577
1031343,0.004795021
1044194,0.004384258
1049195,0.003975783
1024150,0.498076948
1042470,0.235322647
1041150,0.575753203
1046357,0.148029538
1030497,0.207104345
1045921,0.344457253
1040332,0.222592726
1013226,0.376775738
1016006,0.249991105
1015355,0.172671564
1043645,0.072651022
1043508,0.143683813
1004208,0.009558668
1027429,0.001518947
1043767,0.041587472
1000017,0.008576596
1002543,0.001081507
1022226,0.002424999
1030258,0.59066875
1012754,0.003211664
1032075,0.020928454
1010956,0.015010018
1046238,0.004016079
1031015,0.015105341
1043471,0.000605465
1049947,0.353080095
1017369,0.168997946
1049398,0.257727917
1048748,0.081770545
1029230,0.51867611
1013363,0.636034313
1028262,0.204322817
1021638,0.249869579
1038737,0.378950035
1043573,0.005942625
1026205,0.046723512
1047034,0.001114157
1004430,0.009927009
1023315,0.000744478
1040343,0.024567489
1017819,0.274093113
1029037,0.264551087
1023387,0.016803631
1009025,0.007473963
1034084,0.422957618
1027985,0.146523822
1001728,0.010095717
1028118,0.568697514
1009807,0.118574794
1037041,0.033038762
1041061,0.015204309
1045673,0.012183653
1024167,0.014238954
1040491,0.002152168
1049510,0.00525194
1024607,0.01528204
1024889,0.002460914
1014294,0.124093519
1010176,0.036695197
1045142,0.094665221
1049379,0.016019363
1032193,0.016851031
1044622,0.003562181
1032152,0.001480947
1003733,0.005080787
1028456,0.010516381
1015374,0.013774506
1004133,0.010851915
1012491,0.004748803
1026601,0.025389799
1022871,0.001586117
1003338,0.001286912
1035281,0.006777064
1031325,0.040619384
1044573,0.002486333
1041186,0.013123546
1007706,0.576799551
1006899,0.010331073
1002523,0.00417173
1034402,0.010131259
1026147,0.002046641
1004411,0.40279803
1010533,0.002856435
1009395,0.590956374
1032527,0.164215172
1013891,0.004245354
1010377,0.538610834
1036683,0.489278627
1011263,0.248742428
1010135,0.096372815
1019475,0.001878272
1025764,0.010444942
1008005,0.011612204
1047583,0.661242131
1028552,0.551030836
1020971,0.606749404
1015892,0.003140847
1048819,0.02839869
1047289,0.035061552
1019917,0.080970122
1026168,0.004524793
1005551,0.022860885
1037713,0.00187187
1002565,0.004840435
1000307,0.048610995
1046868,0.001779333
1000788,0.024188361
1035639,0.002051033
1040473,0.002331797
1047866,0.004900734
1031090,0.029810167
1038817,0.611451312
1032387,0.024307437
1038083,0.010338152
1013380,0.619402248
1043510,0.019942988
1024852,0.009204418
1011713,0.007194874
1008675,0.010072387
1012607,0.006235264
1008702,0.029371364
1027830,0.017724541
1024653,0.377511479
1040810,0.429076396
1043142,0.019738576
1004652,0.033839969
1011334,0.014465242
1029782,0.202972042
1027181,0.002870285
1016060,0.000697411
1027624,0.051709434
1006497,0.228479234
1003145,0.585048506
1020669,0.233511104
1033011,0.301845163
1003762,0.055834827
1036144,0.377168527
1029537,0.475110936
1035802,0.288591605
1042588,0.001390915
1008241,0.013843032
1028806,0.01501977
1022908,0.015480573
1017524,0.137728669
1022695,0.037444551
1029980,0.376837168
1003394,0.025265247
1014234,0.005227138
1038134,0.020137026
1006494,0.004024971
1003663,0.008848983
1015625,0.016114554
1040719,0.002611621
1031980,0.091667076
1022888,0.542917739
1006077,0.012991095
1036228,0.018096376
1032507,0.001259345
1043938,0.004263183
1014149,0.047147572
1011240,0.08016504
1044823,0.01888407
1027078,0.013081799
1022825,0.002162962
1017868,0.04271916
1005267,0.016594219
1013270,0.020209455
1013314,0.182966448
1012812,0.001725257
1027946,0.733889684
1017035,0.014703242
1043858,0.010093829
1030367,0.003319859
1030177,0.005517093
1012130,0.006376557
1021195,0.395883505
1042034,0.333183056
1038746,0.021818292
1035781,0.39875081
1044436,0.018688457
1015936,0.003393101
1042208,0.050290894
1018662,0.000832635
1036615,0.000706176
1039412,0.017785903
1047366,0.51891942
1042958,0.018171253
1014619,0.457603343
1031667,0.005185063
1026510,0.003635385
1034694,0.001242196
1001876,0.005226518
1029467,0.113780756
1015726,0.002446645
1042485,0.434563009
1040688,0.006461858
1042364,0.023243912
1042203,0.005096056
1004725,0.015981095
1049424,0.010977311
1013048,0.016351344
1000187,0.017230232
1042259,0.225481773
1039201,0.005235386
1007965,0.005508977
1018935,0.05852956
1035565,0.030874314
1036058,0.089781976
1004178,0.285558744
1005322,0.034854827
1034892,0.080761506
1026416,0.012756065
1026484,0.025758338
1028987,0.008669826
1016374,0.001427597
1048310,0.527299874
1004717,0.743057534
1009515,0.003170994
1049859,0.016590457
1029139,0.001008333
1022515,0.006334862
1048330,0.032179699
1023310,0.025679669
1041545,0.006204804
1002791,0.015337795
1028760,0.019107895
1009566,0.520022376
1039936,0.069309164
1049352,0.008872946
1013353,0.050013962
1015665,0.475667502
1002668,0.021021292
1026963,0.001319671
1003135,0.028057488
1029143,0.001791518
1023681,0.008193048
1015688,0.005350732
1022024,0.012548201
1027797,0.048668344
1011338,0.001441875
1010158,0.002299398
1042216,0.00389366
1019568,0.33002037
1008918,0.007857684
1013803,0.009785384
1040437,0.581174822
1038041,0.06499145
1043032,0.625168601
1022597,0.040161029
1023983,0.008845067
1020649,0.002176754
1036018,0.011307584
1021351,0.030553913
1017141,0.022259553
1034603,0.021597795
1048144,0.629995895
1003095,0.013929982
1013955,0.011329781
1045215,0.011261898
1003620,0.014357092
1011463,0.012304748
1015670,0.010793769
1044776,0.014900283
1004230,0.040480919
1014188,0.005179257
1024965,0.428553936
1007010,0.280446624
1022405,0.424428198
1007744,0.112411655
1029842,0.407141314
1030113,0.165340371
1046451,0.116439499
1003567,0.358571895
1023007,0.251576933
1020506,0.009094141
1029475,0.008444558
1025922,0.004740273
1049542,0.372442991
1040601,0.007604634
1014183,0.001743854
1041500,0.002502343
1028815,0.005251555
1048192,0.008484195
1008492,0.003476445
1048901,0.001236454
1027977,0.001460531
1000957,0.005918035
1026755,0.018227199
1046384,0.023561253
1049086,0.289486976
1048092,0.332544311
1046614,0.135929062
1035671,0.247801737
1046769,0.192850246
1015359,0.041486189
1024944,0.388817368
1048683,0.347192237
1044650,0.14426205
1043777,0.014815209
1012743,0.005384575
1019822,0.023582518
1012932,0.006647308
1023855,0.003883503
1006300,0.002153057
1003193,0.004183036
1020804,0.106499464
1028058,0.04798304
1035273,0.585727351
1004305,0.172940374
1006612,0.557879036
1020508,0.567100329
1040072,0.118721738
1004247,0.095447418
1000328,0.168448264
1025633,0.618814951
1016036,0.153364516
1027218,0.341432401
1017036,0.002435041
1024238,0.018065655
1034753,0.003201938
1002272,0.003163079
1004553,0.016856512
1044643,0.668729349
1049661,0.009351146
1043528,0.226282667
1017146,0.021984346
1036037,0.571617297
1039229,0.002955648
1045280,0.257441236
1025983,0.065952837
1008337,0.34504233
1026364,0.049066655
1039272,0.335411029
1007147,0.513853883
1044851,0.124077875
1044789,0.411663583
1032876,0.079737432
1012865,0.495163824
1027434,0.011198934
1037841,0.009836793
1037562,0.01977021
1048720,0.047518282
1032715,0.000564528
1007681,0.014421907
1002024,0.046102864
1036850,0.053375258
1010005,0.005162608
1012429,0.002214185
1035396,0.063366246
1036442,0.033609494
1020259,0.011874729
1033706,0.021945182
1024069,0.001410597
1020365,0.749032877
1010147,0.018778676
1034727,0.203140834
1041278,0.075625438
1016397,0.397422813
1013328,0.066629219
1042957,0.473949733
1005155,0.264633879
1023936,0.118075163
1047083,0.128379229
1009805,0.470151834
1041118,0.224264503
1010338,0.319336431
1039589,0.00249379
1008387,0.011674065
1018563,0.007740884
1008243,0.002499369
1010210,0.017970113
1038217,0.590851156
1013548,0.001167972
1049898,0.008127897
1035672,0.00208649
1003684,0.008943036
1026819,0.005973215
1010989,0.013635438
1032073,0.073110662
1003519,0.731844193
1007188,0.009990082
1032190,0.01776137
1026316,0.002747953
1047575,0.006517754
1022951,0.002708114
1048419,0.345958904
1010219,0.017748127
1042305,0.019783766
1015961,0.008365743
1045429,0.301533832
1014726,0.002956547
1012391,0.046449885
1037281,0.015155329
1041854,0.050922106
1034756,0.022627795
1011671,0.38666656
1045051,0.016616178
1018422,0.009013645
1024359,0.00038755
1011910,0.185061333
1016160,0.002648262
1021452,0.016601235
1028247,0.004389614
1038221,0.018827925
1040951,0.017691732
1023938,0.005416434
1033540,0.00293396
1025394,0.019884079
1038827,0.002199508
1017649,0.001151725
1017941,0.018097508
1019639,0.012605732
1021532,0.001489057
1004461,0.478166419
1020614,0.082514005
1040065,0.001217126
1039178,0.011789661
1034494,0.036278514
1012957,0.451331777
1030140,0.026373705
1029094,0.014176491
1012732,0.254361354
1012004,0.086035025
1022715,0.494150199
1016681,0.149160882
1012347,0.661271249
1029388,0.595126382
1040620,0.074457437
1035687,0.08777951
1040467,0.130859355
1025680,0.252330609
1024281,0.618795189
1027105,0.069460957
1038881,0.552634788
1024452,0.402702066
1017840,0.005820426
1014664,0.014266691
1022240,0.006232802
1029789,0.267907309
1027444,0.006120691
1003605,0.007915386
1019147,0.281173471
1045892,0.010107991
1043339,0.004958528
1013131,0.591072107
1014204,0.015195162
1004590,0.012281626
1018352,0.005437122
1014076,0.249362816
1014095,0.696597602
1042706,0.301916265
1030877,0.192734367
1010344,0.317391009
1046927,0.158634916
1036388,0.154854956
1036550,0.06772246
1036790,0.390416268
1022332,0.001787095
1034396,0.033863477
1031884,0.00271038
1048018,0.411969187
1022889,0.012534229
1048669,0.002878835
1031177,0.000891772
1013140,0.003047356
1047488,0.429002729
1045206,0.009130644
1021199,0.002007505
1016203,0.001651638
1008929,0.111696446
1043718,0.137772689
1043108,0.076294012
1036171,0.19578776
1003402,0.213148679
1014780,0.069824153
1002821,0.295292881
1028026,0.077983047
1000207,0.117737492
1006311,0.004121527
1012885,0.614773679
1009368,0.007236429
1004989,0.031893367
1020760,0.246860573
1049759,0.021633842
1000290,0.00565007
1020965,0.002613016
1041587,0.748020841
1011572,0.479744223
1014162,0.043234798
1032447,0.00665291
1037926,0.499187666
1007417,0.449718407
1016172,0.021326021
1044627,0.039587948
1001576,0.197876406
1003467,0.003498076
1036422,0.008154509
1005117,0.004092351
1006368,0.005585209
1043942,0.366278429
1011837,0.006837646
1049158,0.020189609
1016538,0.493404719
1024672,0.006412092
1010440,0.741050335
1027080,0.001074075
1032950,0.023706832
1012943,0.038983132
1040659,0.006689881
1038841,0.007753553
1037603,0.001850352
1012889,0.004571949
1013029,0.004948927
1048424,0.005464972
1046080,0.004294905
1037753,0.445632224
1006188,0.084751756
1017946,0.009897243
1014928,0.009481246
1048970,0.459376084
1034705,0.285467646
1021492,0.016416232
1000846,0.372266382
1047234,0.005126574
1005060,0.014415922
1003084,0.001060546
1003113,0.01064377
1023372,0.007481429
1023848,0.009300949
1002332,0.002297251
1021132,0.014209226
1019797,0.003298454
1014199,0.000597312
1022149,0.048062967
1025623,0.036901401
1044474,0.056892841
1019210,0.004333036
1011272,0.005165844
1000264,0.022134066
1033674,0.040055094
1044453,0.517101668
1018528,0.006049012
1044182,0.008281914
1049487,0.014543718
1025614,0.003253332
1025097,0.500852952
1048440,0.388077403
1000516,0.021646517
1046754,0.012554681
1006817,0.400947321
1047820,0.001666304
1001757,0.004514491
1026329,0.371566586
1033679,0.003340548
1022131,0.014180571
1044895,0.754877168
1032240,0.534295128
1022603,0.039630032
1027302,0.004596044
1036568,0.003088679
1042837,0.009643503
1045083,0.366962507
1022471,0.002366235
1035258,0.019499732
1015088,0.015144054
1026379,0.036825066
1020060,0.012871724
1034365,0.01460334
1017253,0.029948495
1009518,0.008401967
1048417,0.479289265
1038598,0.313168305
1018815,0.004917395
1047080,0.006806711
1021600,0.007805173
1033139,0.019293818
1027098,0.003176497
1024413,0.001223415
1044874,0.02403387
1024272,0.300716478
1035580,0.521688708
1032658,0.471164894
1035850,0.013741481
1019257,0.019972455
1000476,0.008393495
1013979,0.371205551
1016161,0.185565445
1024865,0.335412148
1041962,0.153024525
1005499,0.365299503
1004431,0.533078141
1012315,0.719538011
1028574,0.089957876
1005487,0.185123615
1022135,0.417895268
1029317,0.100380733
1009900,0.148074648
1039522,0.249142981
1028723,0.15962351
1023107,0.350866396
1033324,0.067328406
1038229,0.117159383
1045862,0.300806348
1035904,0.079778345
1041532,0.010440357
1002335,0.047112259
1002146,0.302313741
1034950,0.290337602
1018615,0.066604589
1024178,0.062945153
1036599,0.420666136
1021988,0.401567613
1013832,0.590208932
1014997,0.121071614
1035073,0.035550596
1011684,0.013001179
1019705,0.01111921
1010797,0.0208205
1011802,0.016358788
1049600,0.001745365
1004400,0.001739185
1016109,0.021742346
1031034,0.012593728
1035217,0.055643828
1030468,0.340305406
1046757,0.002502694
1004598,0.004401139
1008287,0.099017688
1047383,0.165762734
1048005,0.433996758
1045633,0.620621415
1047141,0.645373261
1045146,0.170140046
1006907,0.247575884
1021680,0.153930967
1003021,0.233413012
1034773,0.599499711
1030545,0.364043642
1043048,0.544068144
1006937,0.00973215
1042451,0.019075664
1031259,0.005013487
1041199,0.003081944
1004649,0.001731531
1023137,0.001358584
1022238,0.046903085
1025011,0.007088581
1040423,0.080821517
1016168,0.020097425
1010546,0.008372003
1019152,0.084617234
1009277,0.504517689
1015632,0.268521795
1001984,0.231772369
1016736,0.07917765
1002814,0.202892495
1031928,0.29596439
1015790,0.364668079
1036909,0.153884029
1029504,0.009513262
1044280,0.568636002
1011122,0.470796222
1040679,0.315879925
1014223,0.002601095
1031589,0.271647097
1003992,0.322854652
1026307,0.421603084
1039093,0.363030329
1027106,0.320121185
1005171,0.138102338
1038171,0.290604268
1034107,0.2847691
1006244,0.038338063
1007582,0.010215223
1012195,0.002145025
1020784,0.364473565
1010127,0.510908679
1001290,0.001489385
1003274,0.000969369
1039094,0.011583595
1003470,0.002656316
1035962,0.010295147
1040675,0.001956741
1031472,0.007041334
1008928,0.018859897
1036800,0.001672703
1012151,0.515743768
1040799,0.23828082
1049257,0.090130409
1031480,0.061609371
1033374,0.361229364
1046749,0.21607048
1040849,0.287459441
1043353,0.741961589
1033684,0.747125569
1010909,0.239744258
1043811,0.002937072
1020435,0.002669659
1019453,0.007976763
1031875,0.344658111
1044952,0.015686709
1032598,0.260381901
1041392,0.134180292
1011599,0.388988016
1034555,0.368717461
1029320,0.045816063
1036159,0.426475164
1017484,0.215584743
1022220,0.234321803
1029161,0.400476278
1019567,0.002173677
1046759,0.036052838
1030967,0.413198136
1019408,0.00774261
1007961,0.0149042
1024701,0.004405785
1010579,0.058589618
1035423,0.002468633
1004765,0.618611105
1034390,0.00363266
1019518,0.604532053
1026078,0.004338525
1044071,0.187564851
1027264,0.136243329
1027412,0.073559096
1022926,0.46778644
1014388,0.461890949
1042807,0.039177007
1011941,0.327815358
1002600,0.29831955
1032921,0.595138485
1042604,0.025818614
1045179,0.550842745
1012120,0.004887411
1024784,0.002186828
1012897,0.008933172
1024812,0.006022958
1030400,0.438094272
1024658,0.016904787
1023043,0.002214226
1042551,0.322667349
1040250,0.605250039
1045976,0.590201293
1038024,0.011541243
1002768,0.191223952
1001237,0.454501997
1022709,0.472886327
1040560,0.501603316
1043954,0.707743856
1008892,0.213963362
1003413,0.095955069
1026244,0.297341484
1023279,0.421186018
1001856,0.026289697
1011521,0.004698654
1027912,0.03787484
1049753,0.010047314
1020537,0.004208532
1042657,0.01636412
1047707,0.038079792
1028319,0.006950676
1026215,0.012616434
1043156,0.042934961
1034946,0.376985099
1005348,0.136725447
1041164,0.240029189
1021413,0.397991459
1008870,0.42710056
1006810,0.760246842
1008465,0.438942261
1017185,0.277491843
1009921,0.293187037
1033114,0.009367636
1007221,0.04051241
1023885,0.35863514
1005061,0.315686918
1001955,0.249878736
1017142,0.204959431
1035432,0.060747971
1002176,0.325713129
1016191,0.567538238
1022812,0.480688884
1005286,0.130331675
1022725,0.587227503
1027198,0.023132281
1040317,0.088097942
1017105,0.001777327
1014949,0.54860012
1038855,0.038583853
1041886,0.006107254
1044362,0.025256398
1034519,0.411114588
1042508,0.001139322
1007842,0.01514082
1047741,0.856477857
1037489,0.386038056
1030887,0.024447891
1046139,0.006864097
1046847,0.640634903
1022287,0.006470545
1030355,0.425608173
1049340,0.001926268
1028236,0.009229247
1015981,0.245183757
1010964,0.033838383
1046973,0.064396489
1028368,0.006872191
1030637,0.018073579
1020267,0.015412536
1001607,0.007665535
1046213,0.009238153
1020668,0.02100402
1014433,0.01490829
1042238,0.008910029
1037218,0.005315808
1039403,0.003163601
1026271,0.004329487
1035864,0.417777253
1022683,0.044258329
1018118,0.006379026
1047545,0.004242072
1047768,0.046342558
1007023,0.068622487
1012111,0.02345262
1011849,0.027024019
1018806,0.002062025
1043345,0.003901422
1010118,0.398377139
1002495,0.021140347
1005420,0.006475355
1030933,0.002967038
1037350,0.000614463
1031686,0.492321831
1037972,0.020077136
1019731,0.443067333
1029194,0.003036176
1038553,0.00120268
1022047,0.014340482
1023637,0.001861884
1015392,0.633002834
1038040,0.477831151
1004216,0.025674856
1021250,0.002790924
1038865,0.490959184
1009391,0.010409923
1015728,0.446673745
1013292,0.010155697
1013844,0.016651678
1049998,0.009301691
1026115,0.048105929
1022243,0.00372989
1006004,0.030637264
1045972,0.011614292
1038220,0.026571381
1004148,0.001492788
1027730,0.006282756
1021584,0.003081526
1003581,0.008493333
1007837,0.062390279
1018848,0.55264752
1032456,0.001146912
1030212,0.001779784
1034453,0.002218176
1039562,0.004697628
1007307,0.004503279
1004502,0.013143102
1044115,0.444957664
1005558,0.002419449
1043022,0.00488794
1004966,0.013655266
1024245,0.390017971
1017388,0.553335167
1041048,0.174070501
1020681,0.112107828
1002082,0.114997059
1048105,0.223693869
1000022,0.496726579
1010692,0.074312969
1014634,0.376075986
1004228,0.003082613
1004232,0.007914193
1019900,0.002805396
1036501,0.012998234
1041554,0.584213024
1005022,0.059472781
1007022,0.013167167
1034798,0.005239496
1015744,0.000223913
1024310,0.005198753
1047469,0.00568432
1020637,0.005500517
1018078,0.096741798
1007807,0.555289772
1013638,0.002820322
1017018,0.006948508
1040683,0.010785635
1049316,0.005505882
1013043,0.346382831
1039384,0.449751035
1048227,0.334644525
1008618,0.072032699
1027741,0.062593647
1048089,0.637078698
1007240,0.282454134
1034074,0.145458674
1003765,0.05441967
1027964,0.007606691
1004655,0.456794345
1020467,0.022077999
1038714,0.006025495
1024801,0.00288416
1030148,0.406931636
1008973,0.029017265
1003359,0.118422723
1018762,0.022440454
1045956,0.020770811
1024053,0.003559392
1047659,0.010682408
1024199,0.002966487
1022726,0.607141028
1037286,0.276751791
1037776,0.221176688
1020960,0.511159889
1021844,0.578834538
1010401,0.257162943
1001900,0.306829507
1007860,0.375234224
1030392,0.121370704
1042187,0.008963468
1037504,0.238204408
1010902,0.016562917
1006779,0.331767589
1041221,0.021779844
1009336,0.008280597
1020976,0.012300268
1003655,0.569111422
1008531,0.098999424
1036023,0.010581554
1047603,0.531527445
1036762,0.068960682
1027940,0.03000371
1019001,0.52037105
1007282,0.518937147
1008849,0.013786961
1006464,0.310815751
1040311,0.461554304
1024826,0.229557909
1020081,0.557262441
1049317,0.391766507
1028795,0.493952584
1049843,0.265608515
1022465,0.338309886
1029361,0.530258596
1044626,0.022014239
1038738,0.004760772
1009709,0.002778404
1001464,0.015572163
1040684,0.779238855
1041748,0.009103709
1008521,0.48887741
1039150,0.372550112
1011292,0.217140464
1034647,0.286777123
1004161,0.343521044
1036512,0.618712897
1028304,0.635035171
1030750,0.37769194
1040640,0.324352809
1024968,0.288546483
1044873,0.017259461
1016551,0.009555024
1039184,0.287621795
1000006,0.542324844
1037207,0.687049394
1014950,0.303090908
1045962,0.1415528
1024507,0.15986445
1041037,0.482799418
1031366,0.340806544
1041116,0.291944305
1042128,0.172536588
1044798,0.566002873
1049750,0.641209619
1000993,0.037187983
1032606,0.001351379
1015351,0.440419995
1039590,0.015927093
1012887,0.030507413
1029272,0.008390466
1037246,0.000220473
1024981,0.021049892
1030709,0.474799877
1025461,0.03029088
1031718,0.005367827
1005826,0.00155493
1024990,0.007196859
1035146,0.214131586
1022496,0.495163423
1010378,0.202486567
1014988,0.13466484
1034244,0.457327085
1018690,0.105148108
1020875,0.441521866
1015123,0.404013971
1009754,0.161384221
1033605,0.034940893
1042814,0.063192172
1024798,0.002071022
1015414,0.074545152
1019214,0.008158451
1004467,0.748921425
1033988,0.298160979
1030884,0.113997001
1019203,0.582150621
1042460,0.23365322
1047499,0.240361859
1011241,0.526679589
1006583,0.472038271
1016563,0.759174673
1025594,0.514236451
1009871,0.002557647
1047480,0.615016243
1024351,0.005772547
1008381,0.133538858
1013018,0.338725358
1018433,0.280278763
1012092,0.328045771
1039187,0.173888205
1030617,0.538763971
1044069,0.639222937
1015121,0.339904788
1042502,0.454965805
1009940,0.006191208
1045878,0.013064299
1002084,0.100320805
1024636,0.020989846
1021455,0.005847054
1001691,0.041480182
1018441,0.009245514
1027416,0.005150426
1027638,0.040466645
1014524,0.008077548
1006784,0.008592158
1007317,0.019878246
1015838,0.004131348
1025552,0.43481991
1004834,0.024941353
1036195,0.729594206
1022121,0.431150914
1028198,0.060195039
1019075,0.005140171
1017372,0.016923549
1045046,0.665375592
1024792,0.034402306
1043749,0.380439216
1033354,0.00572357
1011495,0.002548444
1001077,0.288501088
1040819,0.002592783
1035857,0.036328465
1000333,0.207089466
1029265,0.011357548
1012046,0.023849357
1014156,0.023432684
1034704,0.002285106
1007467,0.024765415
1048053,0.072390742
1043712,0.010345115
1031165,0.004298144
1030396,0.25388882
1024161,0.006233346
1039523,0.02401377
1028375,0.035333492
1041843,0.166591242
1008911,0.006874278
1013384,0.519878084
1032302,0.022743455
1020235,0.002956982
1014163,0.009749012
1024936,0.003538672
1028943,0.268363479
1031439,0.007528474
1010612,0.008184601
1004805,0.016429269
1032753,0.005730302
1026748,0.19441759
1023982,0.03331039
1039730,0.012140248
1006245,0.012580401
1018334,0.004911064
1049080,0.00561966
1004244,0.003817264
1037342,0.035458597
1035229,0.013755906
1015732,0.004126393
1045125,0.322966307
1013325,0.204887252
1034811,0.610627891
1017610,0.039634476
1002070,0.035701157
1025203,0.445218386
1027488,0.02182158
1043210,0.32664255
1023204,0.006564211
1008069,0.0343842
1032747,0.025040733
1049561,0.186667586
1036110,0.525399499
1033141,0.379633337
1015887,0.019011129
1047582,0.022859432
1043545,0.002276272
1023513,0.001946244
1033686,0.430596336
1035528,0.427911849
1023228,0.002103257
1022254,0.027575691
1033804,0.010765774
1013564,0.820803508
1022344,0.001307923
1049752,0.030948069
1015408,0.012071119
1046355,0.420111389
1012616,0.030082361
1007993,0.059009047
1020866,0.135199802
1024814,0.001657391
1024619,0.019577856
1027249,0.019325582
1039658,0.003580369
1017148,0.537622009
1000426,0.020671141
1023258,0.060554394
1000097,0.002279699
1003939,0.027503718
1033189,0.004763876
1031489,0.397189307
1037731,0.00481441
1044682,0.011602208
1031111,0.680501963
1018212,0.030762873
1033702,0.545657995
1021718,0.020616516
1034456,0.662080853
1000816,0.027345472
1043588,0.001752374
1035673,0.001288689
1039067,0.025752068
1007533,0.766495954
1024384,0.032791225
1015715,0.42204798
1026704,0.004726329
1026680,0.000375336
1021951,0.004180124
1023602,0.466290478
1043956,0.019616623
1047865,0.002472509
1045766,0.044545177
1041902,0.004926279
1007422,0.285558548
1003471,0.006706287
1019909,0.271929192
1000916,0.020281229
1033495,0.001188649
1002141,0.491992923
1014843,0.324780648
1000438,0.43049269
1024736,0.026075651
1005556,0.003799523
1028954,0.125733381
1034737,0.005983197
1043284,0.069309269
1009045,0.446563177
1015474,0.691794797
1008215,0.010863834
1011776,0.005071727
1033345,0.380788621
1022418,0.008370926
1005601,0.00154706
1018435,0.003215516
1047097,0.010637225
1020301,0.001471349
1014135,0.008842556
1004268,0.022580192
1018633,0.6940064
1042866,0.001573546
1025088,0.005481715
1008363,0.000614163
1014485,0.100552365
1030420,0.009431107
1012477,0.009191748
1048137,0.601856295
1007454,0.415707968
1021686,0.286874844
1045400,0.555183597
1034128,0.511697627
1025585,0.393321073
1031297,0.533613265
1000029,0.691985748
1035265,0.469919504
1027456,0.494567379
1026496,0.189285094
1003543,0.015061114
1038808,0.02684527
1030726,0.01044669
1023593,0.014810682
1044244,0.004863883
1047092,0.00247225
1012341,0.007047775
1008237,0.006552388
1017176,0.676471468
1037257,0.498495125
1046311,0.064221671
1030955,0.64084021
1012659,0.119720164
1012428,0.0064438
1036525,0.301407397
1012870,0.214463625
1043054,0.101373915
1022705,0.005371592
1035630,0.013202388
1014174,0.206740614
1038689,0.5301303
1039365,0.235936994
1022104,0.278133559
1027210,0.081635742
1006544,0.197335003
1010663,0.36031864
1048686,0.678479041
1031766,0.575932925
1033573,0.002531072
1037337,0.062929585
1014982,0.033766863
1007693,0.003626281
1000622,0.01088754
1027087,0.002412061
1018543,0.314336475
1048325,0.51231518
1020585,0.226103787
1017189,0.001801429
1025492,0.002028805
1019158,0.031585217
1042398,0.003719925
1046692,0.006385651
1036652,0.076415384
1048351,0.012594684
1003909,0.00588661
1011657,0.011980665
1036257,0.414634946
1007006,0.005569079
1035260,0.036149588
1012460,0.12645967
1005251,0.193145077
1023190,0.306781839
1034733,0.319250385
1015379,0.159166174
1004757,0.171765486
1001130,0.357380622
1039400,0.176006333
1024279,0.144594402
1019865,0.016013543
1000432,0.401970178
1041515,0.002606529
1036499,0.011409704
1006396,0.772573293
1009541,0.003853122
1000170,0.004843996
1003689,0.023655924
1012140,0.266229986
1033559,0.005505687
1006169,0.001584044
1032090,0.189954567
1032185,0.032517736
1030205,0.018744108
1043265,0.018843561
1032261,0.001893913
1012444,0.244461475
1023171,0.002448828
1039659,0.036771322
1023210,0.016403723
1023094,0.220652143
1021699,0.004328798
1013664,0.002715678
1028148,0.00106822
1029333,0.000510596
1026728,0.370179374
1009468,0.649622118
1036735,0.036368358
1026780,0.00110994
1049511,0.025092225
1003817,0.631682751
1045568,0.576981917
1006208,0.00469945
1024878,0.00395937
1045381,0.009545235
1019829,0.004102046
1007047,0.001651383
1049671,0.006183448
1027991,0.006890699
1009501,0.010771163
1014431,0.007270881
1025778,0.011889087
1003852,0.291557151
1040082,0.04831174
1039870,0.138704143
1049442,0.012388552
1002021,0.126368254
1036714,0.009532448
1006150,0.005074296
1031863,0.000250652
1003216,0.003369274
1028778,0.433503142
1042794,0.323773231
1030073,0.009861779
1011652,0.05971621
1000174,0.00699522
1036483,0.002039743
1000113,0.022484438
1002832,0.01102963
1044839,0.00846181
1021676,0.01016235
1037813,0.03284697
1012634,0.048243294
1039374,0.014649884
1022737,0.002929427
1048229,0.009958923
1002133,0.016910327
1006256,0.004326599
1001827,0.037989563
1042087,0.006606774
1023945,0.520336644
1044581,0.060892559
1009665,0.531870744
1034331,0.398298695
1043477,0.396960834
1046377,0.336000896
1023269,0.37627267
1014700,0.39609744
1045396,0.235965632
1019056,0.22248482
1011939,0.447583245
1038912,0.35158101
1002309,0.145391879
1030498,0.481137961
1011375,0.028765749
1008607,0.010428995
1011341,0.007767132
1003232,0.051457873
1011956,0.000478273
1047168,0.002841558
1045513,0.003172945
1032480,0.002598866
1034680,0.039107191
1043433,0.015318202
1011756,0.045761282
1025287,0.003307398
1027222,0.000421951
1024897,0.572709351
1002862,0.033391206
1011743,0.731615645
1004545,0.565842895
1006638,0.000943123
1037289,0.004015532
1029262,0.002969688
1022201,0.041107505
1017772,0.00730921
1011632,0.005333247
1024437,0.363293477
1020288,0.223317313
1002434,0.002356208
1024309,0.003004308
1024569,0.005878105
1006843,0.029858824
1024306,0.449203917
1048512,0.002364321
1021643,0.012344419
1041696,0.030563401
1006383,0.003949731
1027744,0.041171215
1031487,0.078567429
1004246,0.022636686
1041355,0.000937016
1007313,0.004028286
1015620,0.00071826
1045402,0.533536883
1021664,0.001362282
1019096,0.010686579
1011365,0.00499073
1032096,0.233359531
1026905,0.027134742
1026187,0.008118546
1009506,0.103004673
1003368,0.020102622
1015548,0.303111561
1008859,0.45875636
1007739,0.194578409
1010537,0.873918561
1030328,0.473076348
1011266,0.094182855
1029856,0.147161821
1030690,0.580624207
1000999,0.488704056
1015062,0.020379321
1046932,0.027609369
1026407,0.011023299
1047967,0.007984156
1023661,0.03566357
1018818,0.002040809
1005146,0.002019488
1043082,0.007990427
1002080,0.026015158
1041308,0.000803299
1035643,0.397020555
1049168,0.001425378
1038904,0.01139781
1028836,0.02177973
1019099,0.003725646
1015431,0.743343535
1026550,0.005500767
1018112,0.001299343
1022978,0.00772387
1044072,0.010706319
1006034,0.0162062
1044801,0.009671245
1032954,0.004241687
1044385,0.00168283
1020581,0.004960677
1021977,0.390141285
1027092,0.007509856
1016637,0.006666336
1021128,0.036973559
1049944,0.039924535
1045104,0.005107355
1002507,0.002726243
1037551,0.008758769
1022508,0.007849644
1042042,0.369400782
1041697,0.031183683
1046771,0.000582655
1012023,0.031819788
1026451,0.003335395
1042166,0.00443559
1044704,0.005767342
1035954,0.008881522
1007304,0.035086527
1033930,0.695783322
1011563,0.010357168
1002678,0.07617058
1006562,0.011710092
1038582,0.009969911
1049396,0.010163401
1012840,0.006789196
1035890,0.005751775
1045468,0.035296079
1026552,0.714953043
1028688,0.016920148
1042582,0.005089443
1016539,0.146439856
1039293,0.005236134
1022800,0.019481228
1013662,0.0019778
1021000,0.00606491
1036511,0.001703074
1000196,0.017251101
1031277,0.548626672
1019067,0.010253217
1029180,0.006269801
1031115,0.003529467
1007398,0.008520392
1036703,0.010021086
1040771,0.020928962
1036497,0.451000197
1041551,0.535904704
1031839,0.008057415
1006923,0.006812836
1035907,0.007491486
1049075,0.639084702
1012542,0.052710742
1020373,0.026463978
1039611,0.009623219
1010289,0.001703762
1025180,0.000771331
1015831,0.004434116
1027358,0.719530962
1025963,0.005769541
1029248,0.007109491
1034072,0.361981328
1039633,0.007877453
1018859,0.420488798
1015870,0.017791366
1011709,0.002224302
1043680,0.034346428
1024997,0.040664248
1041357,0.016369707
1029332,0.000782169
1041013,0.00085668
1031183,0.00985909
1017275,0.002370391
1002194,0.001771298
1044582,0.001941391
1004137,0.007059456
1024073,0.488321807
1016888,0.307220218
1005020,0.004775803
1044487,0.000992646
1036076,0.008654705
1016175,0.01626723
1015341,0.459060092
1023682,0.00092307
1000470,0.047316104
1006534,0.584586552
1039848,0.020109263
1016261,0.013008371
1024292,0.002091695
1028195,0.220628352
1041885,0.546053905
1038157,0.021522123
1021888,0.003747702
1040814,0.009396482
1039204,0.005126866
1023348,0.021391093
1011187,0.017159173
1046140,0.002603931
1027229,0.00089023
1008393,0.464962551
1025113,0.005033679
1009154,0.013558378
1049720,0.01039442
1002780,0.017509022
1045526,0.004337808
1044075,0.012769097
1043621,0.028278347
1048251,0.441827378
1025603,0.009537792
1014476,0.004171444
1012882,0.013878669
1028722,0.001270717
1021629,0.582886583
1003833,0.014459421
1032699,0.032077775
1033975,0.007605937
1048729,0.008503021
1047910,0.007031068
1006023,0.01066009
1039640,0.016214662
1024212,0.003489134
1035314,0.446262973
1006914,0.053566381
1001524,0.018309895
1034989,0.002351813
1039142,0.00874533
1033231,0.394925997
1001727,0.379063207
1013899,0.175744099
1024409,0.350760097
1003574,0.384839226
1032208,0.138924914
1022179,0.682618223
1030502,0.435657967
1018411,0.363851451
1012027,0.003042523
1012914,0.533447941
1049908,0.019231058
1014420,0.005094231
1032125,0.020175223
1003564,0.029898545
1034871,0.430694629
1031051,0.001179247
1035926,0.065903879
1040992,0.005899799
1017944,0.02938569
1028724,0.010953942
1048891,0.001325746
1044713,0.559493649
1003637,0.018079816
1023131,0.016116016
1021142,0.001855344
1028347,0.479293606
1030487,0.004714309
1017384,0.001794174
1001756,0.588949995
1005170,0.003271542
1033861,0.486206663
1034193,0.00178019
1039059,0.009195187
1036791,0.005065515
1040461,0.474513562
1021036,0.000676623
1030634,0.024256767
1024186,0.341748911
1036586,0.017696355
1004455,0.005208682
1004969,0.018866696
1008307,0.007232742
1001535,0.002844425
1019234,0.003354271
1019528,0.017390388
1027773,0.021704416
1021065,0.466986452
1026267,0.002866343
1009377,0.012909394
1017523,0.015271641
1023764,0.024521196
1020758,0.51620767
1022774,0.00267525
1034800,0.001242839
1012099,0.221318781
1021044,0.64433562
1035948,0.512606514
1007125,0.167405646
1029921,0.485878927
1011101,0.442764649
1019409,0.80012447
1020806,0.479547457
1020634,0.128707188
1018319,0.748080566
1018058,0.047741151
1034376,0.008241678
1042617,0.034390224
1031194,0.004983861
1048342,0.674106116
1020694,0.03400261
1040371,0.879930743
1009625,0.017584449
1037171,0.072697172
1028887,0.000834374
1042375,0.004239963
1020476,0.005781374
1005293,0.019149786
1020797,0.333100538
1001582,0.0363597
1012085,0.005694688
1036674,0.402244419
1041963,0.003373174
1041631,0.005969996
1021575,0.028077681
1049270,0.00428258
1034240,0.005841207
1023250,0.410744342
1040938,0.168693392
1037586,0.1404839
1037589,0.00663881
1001971,0.007503804
1014129,0.00647896
1047586,0.005590184
1015567,0.009060445
1040004,0.004088458
1014145,0.002427096
1018585,0.004373052
1014616,0.005760139
1004297,0.010762729
1029290,0.420803625
1000875,0.003493544
1049444,0.010351271
1020785,0.026177675
1029257,0.079243489
1013398,0.033121362
1032599,0.493345942
1037971,0.629806322
1044117,0.629964637
1033783,0.014863565
1025019,0.52124959
1030825,0.047865665
1016395,0.01207185
1030365,0.031522718
1040005,0.032978216
1019100,0.009042571
1026485,0.002168629
1026020,0.005313576
1033103,0.663117452
1041344,0.000319581
1047258,0.570983857
1001994,0.117066205
1039331,0.177525288
1004640,0.602337319
1009495,0.11230416
1036740,0.123551262
1036242,0.561780027
1041141,0.291291849
1035296,0.327912609
1034308,0.481715567
1001779,0.043148889
1043970,0.003086759
1024417,0.00114734
1002813,0.003479948
1008862,0.134448115
1003290,0.459259046
1046333,0.151703942
1032615,0.135830232
1045219,0.24092947
1037810,0.411130278
1041878,0.079746023
1022803,0.482345665
1044764,0.486572888
1036046,0.004918795
1021284,0.012616706
1006125,0.009238498
1000920,0.405049142
1009743,0.000996101
1040197,0.008706885
1001564,0.03997128
1036363,0.012084303
1022577,0.578778397
1019786,0.254157709
1022460,0.004425962
1037695,0.001429797
1015072,0.013613046
1043158,0.100434134
1011799,0.150849795
1024514,0.188517343
1029003,0.078711168
1044951,0.151590768
1006830,0.207409
1004789,0.104790156
1022850,0.407543172
1004661,0.600013208
1000015,0.509212127
1015177,0.004619516
1005998,0.026548777
1029934,0.457559645
1026814,0.421403457
1042254,0.002276029
1019035,0.017854779
1008980,0.002122658
1021347,0.004570534
1043505,0.003025015
1021708,0.002706405
1042284,0.008274408
1020567,0.040963313
1023135,0.48188775
1036327,0.261289516
1014382,0.531313438
1040780,0.624101536
1012728,0.133205894
1002555,0.135891034
1032773,0.255528373
1031804,0.583156549
1014468,0.512956636
1012283,0.007108006
1036432,0.671322869
1032015,0.002360291
1047063,0.004089698
1004625,0.015795965
1032145,0.014071471
1040299,0.004081067
1006210,0.025175023
1013069,0.021756936
1016029,0.004259673
1044263,0.004763835
1001924,0.56209231
1046488,0.014051186
1039592,0.012936872
1043369,0.007325853
1030371,0.011920214
1030739,0.161384255
1028187,0.005021371
1022432,0.00546516
1007338,0.003464963
1048414,0.727126573
1030241,0.026543515
1004784,0.559363536
1049167,0.009408987
1025956,0.001427508
1001921,0.00330453
1043346,0.01462179
1015411,0.050027017
1031671,0.28936355
1040733,0.014549495
1002020,0.436567026
1012329,0.066607055
1046256,0.005094725
1002992,0.032368158
1013988,0.331026102
1027280,0.001945051
1046651,0.108178211
1026781,0.287241987
1036911,0.335847394
1018761,0.046274541
1006756,0.003057668
1036211,0.036728627
1035317,0.333296634
1005439,0.001784684
1049247,0.027794325
1019139,0.513102771
1010150,0.003638358
1012590,0.431838367
1028859,0.002452807
1012248,0.048128577
1017802,0.460379109
1040046,0.401201707
1031393,0.042851809
1034262,0.51123417
1005563,0.010400165
1023447,0.286371227
1043356,0.008457775
1041332,0.006624882
1048791,0.010164466
1043587,0.31183222
1016955,0.005121642
1045810,0.001854209
1023547,0.003358238
1019098,0.001285779
1034787,0.007757124
1005665,0.420839097
1030911,0.015982507
1027215,0.009159802
1040164,0.364821712
1036872,0.006154142
1007119,0.130416283
1026218,0.010276288
1008220,0.027970106
1043540,0.004164945
1002438,0.003698561
1022275,0.007880353
1017419,0.015461834
1034322,0.038670097
1022301,0.003813604
1015745,0.018184023
1009390,0.00154071
1042553,0.004499647
1046995,0.00215822
1025511,0.00964992
1011169,0.004220116
1026458,0.068077774
1017811,0.003323511
1024419,0.06016283
1030821,0.010695232
1033992,0.014229588
1014477,0.008470687
1037951,0.001987196
1031181,0.797034934
1018933,0.006046946
1042213,0.573318321
1014710,0.194427543
1015099,0.510209318
1000292,0.006293293
1039258,0.003553461
1019390,0.010828471
1049875,0.060111492
1032531,0.245067453
1027772,0.008220739
1033688,0.004453669
1021331,0.410662671
1049790,0.005391285
1031905,0.062053157
1047993,0.392276087
1014657,0.04103722
1008738,0.008996201
1008019,0.211343431
1023470,0.004810983
1010492,0.005049948
1019830,0.005216703
1037704,0.000697285
1041494,0.639328667
1013697,0.011814417
1027674,0.006779366
1025039,0.254782846
1014242,0.042031
1013500,0.015027019
1041558,0.288133674
1016459,0.007433187
1047466,0.005033474
1042041,0.015571415
1004733,0.00665108
1002076,0.019457793
1040535,0.003369145
1027282,0.717533337
1017853,0.017980046
1045126,0.28426616
1025834,0.103951674
1008867,0.016669535
1048245,0.00134786
1042525,0.361897303
1043351,0.47834345
1011883,0.00333744
1035718,0.033003774
1020200,0.007120619
1011259,0.006606915
1011489,0.003808848
1025943,0.252063501
1015418,0.002135057
1001559,0.007384027
1014426,0.011182816
1026469,0.33265558
1046276,0.002298165
1015916,0.010002335
1005618,0.011590566
1042724,0.001072698
1030300,0.009700783
1044999,0.001873752
1002491,0.398838362
1022364,0.032969491
1001261,0.620995592
1034533,0.081528251
1021506,0.014755992
1029001,0.071135787
1005772,0.007667075
1046940,0.002048217
1019027,0.006551818
1028061,0.065181481
1002428,0.05207747
1037703,0.029761352
1019600,0.01103029
1018695,0.01612368
1049175,0.025103359
1043410,0.004935012
1031845,0.001068883
1000048,0.001897308
1035345,0.002635609
1042576,0.009513274
1024642,0.354266687
1006435,0.001381944
1036588,0.486900686
1033579,0.005166205
1023516,0.470421898
1017236,0.366308637
1015039,0.006826415
1024293,0.001095939
1033894,0.011909286
1043348,0.00838936
1042962,0.011253888
1031168,0.004093531
1028423,0.162543843
1002162,0.001746932
1005100,0.649310091
1046576,0.020055928
1007583,0.002911538
1044739,0.007812105
1019064,0.025641173
1038187,0.010614393
1000128,0.003032148
1019706,0.018001194
1036464,0.014985654
1034507,0.001779648
1009466,0.003253728
1013827,0.00209983
1012297,0.003031297
1011197,0.049376036
1049569,0.002754806
1048572,0.023692853
1042436,0.01150656
1034093,0.00170904
1042801,0.008973348
1025846,0.008710634
1002837,0.000785523
1046069,0.020800056
1027133,0.008318082
1021037,0.413053443
1034280,0.326462701
1023990,0.412281457
1043464,0.153171954
1046164,0.405976109
1007486,0.203139692
1014455,0.465679135
1008779,0.192335492
1038793,0.313252999
1041820,0.353197515
1003078,0.004164763
1017393,0.014791853
1033390,0.009511874
1014636,0.002134304
1017344,0.109564232
1005799,0.00246466
1007549,0.014471997
1033744,0.027795428
1024943,0.001930829
1044449,0.175372187
1002104,0.213769825
1010360,0.491185552
1036985,0.401516039
1002440,0.290516483
1010744,0.298642849
1000186,0.437617804
1010034,0.117605138
1045597,0.095566441
1016919,0.431469592
1005779,0.002933307
1030399,0.012971105
1030943,0.009700872
1036034,0.042375153
1008833,0.319737247
1023660,0.020844653
1023337,0.413790198
1043490,0.283024842
1025791,0.008586211
1030033,0.009873794
1040458,0.000399083
1023553,0.040794835
1028480,0.047943507
1035195,0.204574429
1002370,0.150550213
1042745,0.589333928
1022939,0.175980732
1007388,0.288717022
1014299,0.40857214
1049635,0.354140463
1040607,0.565927514
1000501,0.560316979
1013159,0.001932874
1044448,0.027164813
1008170,0.005575502
1003956,0.007488288
1017059,0.020401274
1003769,0.006646521
1031501,0.002988555
1009992,0.003326474
1018556,0.007728737
1026432,0.015329942
1016656,0.007800582
1014381,0.650901044
1046735,0.729517141
1024728,0.010630472
1025508,0.00862983
1022511,0.769313043
1011916,0.002681205
1021509,0.007623205
1041128,0.002500169
1002978,0.458878031
1035143,0.643492071
1048809,0.313784246
1036149,0.020256801
1015661,0.029413829
1027115,0.002771999
1047960,0.001007721
1002273,0.003516025
1018567,0.669626144
1028224,0.036235823
1003496,0.00736144
1031185,0.01970387
1006789,0.00236617
1010550,0.027489531
1045571,0.005434427
1019103,0.21148379
1005941,0.009343395
1031556,0.000944344
1033928,0.016595047
1033701,0.082965895
1045580,0.681532279
1013684,0.41128172
1017078,0.427847232
1004238,0.021341407
1015433,0.001379332
1019107,0.005049332
1036137,0.159975629
1028430,0.02509247
1027507,0.008064741
1009977,0.004563924
1024375,0.006896331
1030937,0.02826583
1009849,0.011799997
1035897,0.54553544
1023459,0.470377351
1014049,0.483657206
1015261,0.491692604
1010166,0.002557592
1038122,0.009187575
1037261,0.008671461
1026870,0.016314449
1019041,0.012466617
1046586,0.003294547
1029014,0.017599576
1037610,0.000817606
1023272,0.087870533
1028309,0.006640746
1046195,0.020552468
1006419,0.008388144
1041755,0.006787139
1031306,0.005083831
1022986,0.260584279
1043055,0.037646218
1002927,0.007225768
1036253,0.00198412
1028931,0.004851018
1021660,0.006999048
1015407,0.570433638
1011987,0.005933573
1013631,0.000820034
1035805,0.002287902
1004167,0.635413512
1020005,0.060875112
1013176,0.000444949
1012193,0.006149486
1011055,0.026327292
1028935,0.00134385
1025644,0.631373972
1006853,0.06553406
1032416,0.015455065
1029286,0.23254882
1007169,0.007126132
1012387,0.569089389
1012619,0.003571087
1018636,0.004544368
1045678,0.496491279
1033137,0.004288307
1031116,0.003242557
1001313,0.001507604
1008558,0.011594185
1036657,0.00430798
1002614,0.483607894
1019672,0.005642678
1036030,0.013119448
1034180,0.004081158
1001280,0.005014029
1037899,0.029448492
1026784,0.001536017
1004257,0.086437568
1035916,0.020874569
1012508,0.005292737
1043226,0.013805524
1046242,0.000624049
1002954,0.023184389
1028083,0.015225085
1020448,0.002850299
1014410,0.014702104
1002807,0.541879552
1049470,0.003393704
1015437,0.015295609
1015370,0.013554917
1047590,0.003857128
1001175,0.016437481
1045840,0.000210265
1018388,0.010277595
1014889,0.003085815
1004797,0.008936361
1022710,0.420230634
1005063,0.31467201
1024171,0.026545153
1045873,0.012419695
1028121,0.009427399
1034358,0.406831349
1014625,0.000779653
1002674,0.008094421
1037697,0.007019659
1045310,0.431101546
1021970,0.004850372
1022786,0.028222283
1049252,0.026083974
1041672,0.010711887
1027066,0.002275376
1002160,0.005066711
1022514,0.004942498
1000094,0.015003145
1032436,0.016045454
1008987,0.013601079
1013417,0.638313665
1045874,0.338787371
1025259,0.011489706
1027871,0.006386108
1010776,0.002784118
1031018,0.008127775
1038583,0.001180675
1017412,0.064551089
1009290,0.034018554
1018194,0.000520984
1048080,0.061242983
1049595,0.006913885
1042667,0.004716041
1025950,0.022979413
1015181,0.000173895
1014967,0.009652513
1018028,0.015943522
1025110,0.02629225
1024991,0.002811723
1003034,0.00205234
1005218,0.007436039
1020250,0.138443664
1042438,0.499961479
1048865,0.025793425
1026419,0.688507717
1040010,0.006691507
1032169,0.007818563
1016415,0.005384885
1033191,0.005040866
1002306,0.090678207
1024376,0.005208381
1043708,0.01195981
1040776,0.01385605
1043742,0.003828072
1040667,0.000966164
1034242,0.051466563
1027731,0.012789062
1035990,0.024140922
1031529,0.004473172
1020135,0.013508414
1024019,0.352992545
1045902,0.005910697
1040791,0.000303358
1034913,0.626624246
1021463,0.003291906
1028196,0.00190197
1045089,0.720375126
1019387,0.584016589
1037209,0.003890331
1008925,0.007553996
1015755,0.004891925
1023543,0.001795469
1048211,0.012442259
1009910,0.002734639
1002566,0.011507343
1008636,0.004885444
1008660,0.01148762
1046620,0.003435313
1041064,0.00110559
1007797,0.009211605
1042826,0.001542549
1009831,0.013979581
1017466,0.01339316
1006041,0.007065626
1001537,0.021572016
1048576,0.2580413
1024964,0.014358914
1042347,0.02607148
1019251,0.335233809
1047180,0.004907441
1001459,0.012678977
1038818,0.006109347
1017491,0.588226173
1039344,0.220215787
1044628,0.23814358
1042766,0.117566946
1007187,0.635207993
1009449,0.674124171
1016390,0.117191447
1023992,0.440784282
1037317,0.123223733
1029978,0.01238294
1048515,0.116084545
1008584,0.200186245
1029525,0.014498432
1013284,0.006341119
1030662,0.020469214
1002118,0.007236312
1045194,0.04565454
1035732,0.001440587
1010460,0.444840881
1029608,0.011873785
1034467,0.637231696
1042612,0.548249724
1008489,0.467626274
1046707,0.410021785
1030814,0.695814086
1049911,0.206184924
1014773,0.472879152
1004354,0.376643284
1042742,0.408877176
1038306,0.421315183
1039329,0.052194556
1045829,0.002889837
1019279,0.003735356
1036668,0.0254848
1014853,0.004093198
1026570,0.051489819
1033524,0.725174919
1047717,0.000653857
1027633,0.078166288
1044758,0.003937837
1007540,0.006163282
1024967,0.555176043
1010726,0.495028438
1036955,0.017191314
1045964,0.033312323
1011486,0.051220439
1032536,0.013771023
1013759,0.340478118
1013608,0.694125378
1025820,0.501305742
1044981,0.078538013
1007574,0.181242671
1041256,0.423018259
1033760,0.663844626
1019398,0.562629433
1018803,0.244703943
1010131,0.558102846
1025058,0.622174998
1016510,0.018298444
1038578,0.009058695
1012675,0.022459296
1024730,0.009415364
1007623,0.027393098
1002277,0.654042701
1034916,0.000921079
1043004,0.001474543
1017145,0.008907285
1033851,0.009469932
1027235,0.015160661
1029489,0.008559082
1003423,0.004158889
1008194,0.008346271
1017410,0.01220021
1004259,0.10749076
1042491,0.140407504
1000902,0.417335221
1041671,0.360718844
1049892,0.411398003
1048946,0.107480698
1031413,0.172775825
1038971,0.258173905
1039634,0.234723412
1019790,0.025279768
1021579,0.55874041
1025848,0.006479174
1017097,0.015526573
1021704,0.008711639
1040391,0.027571379
1034620,0.412579336
1020063,0.037478892
1044297,0.008094645
1010013,0.002957469
1005718,0.145653787
1029801,0.003301001
1019359,0.018326546
1004279,0.000459698
1047986,0.00950676
1032397,0.001136137
1025093,0.009168129
1028655,0.516275507
1036495,0.260838407
1018030,0.615866492
1020854,0.444356502
1003160,0.391266695
1024934,0.328838202
1048204,0.12257461
1030153,0.332184145
1037947,0.400344928
1008756,0.283552807
1038396,0.005758917
1003347,0.018297435
1002265,0.004629603
1035321,0.350541824
1014019,0.017102593
1026663,0.004230805
1042207,0.003068791
1042379,0.000832135
1012242,0.002239399
1039274,0.002214589
1014093,0.003732781
1017066,0.007696998
1045006,0.003565302
1014313,0.013823731
1036817,0.003536471
1039146,0.002361491
1023638,0.220891227
1031975,0.054642463
1013594,0.364565656
1005655,0.222138922
1017479,0.138307758
1004571,0.646118613
1015640,0.535123116
1020512,0.222303715
1022412,0.404692734
1046437,0.146397703
1008540,0.232624727
1045807,0.054472803
1041911,0.359914441
1049393,0.39668062
1038267,0.007078092
1042315,0.005798346
1037944,0.03225635
1022743,0.008358585
1045762,0.010757698
1042912,0.00690279
1026019,0.011550949
1015960,0.002395737
1025181,0.065377047
1000567,0.018563894
1029976,0.002286833
1000354,0.006940076
1008949,0.071003484
1005429,0.375544574
1032912,0.470362289
1022763,0.562986636
1039707,0.46016464
1017614,0.429833514
1001686,0.526068658
1021156,0.75650365
1038285,0.114450624
1044601,0.248469802
1044938,0.06437332
1014665,0.314619446
1035446,0.488181161
1020486,0.004072583
1046136,0.007798983
1047203,0.000407017
1018970,0.005676084
1017371,0.013507788
1000099,0.691318979
1027462,0.625300588
1004361,0.177802056
1028285,0.007661124
1030673,0.021442264
1023724,0.003699151
1042569,0.374398777
1014053,0.345961578
1035513,0.3050394
1025613,0.44645331
1021802,0.499828746
1029893,0.22059389
1039964,0.50408077
1027531,0.20233762
1021448,0.289124905
1032727,0.004651063
1044023,0.034412049
1026533,0.004077707
1024902,0.71648293
1022106,0.001810778
1034302,0.013010481
1038442,0.008410946
1039602,0.010342152
1034427,0.397014039
1019452,0.019241062
1016967,0.006929297
1022244,0.007317956
1047778,0.028320017
1003009,0.004550429
1042013,0.001151332
1002186,0.004182679
1028807,0.526948045
1043894,0.003905225
1015235,0.767570206
1032446,0.347378235
1015403,0.092835868
1031643,0.29460604
1021927,0.334149557
1049647,0.456077704
1041952,0.319737156
1007158,0.509278606
1021521,0.449960257
1012467,0.023654497
1026586,0.041337027
1040721,0.002418174
1042524,0.020288102
1013386,0.028454004
1003738,0.210518293
1035586,0.001496604
1007656,0.00961731
1034211,0.008438696
1025749,0.003188895
1049946,0.002751344
1000792,0.0047748
1026420,0.002192494
1043601,0.01128125
1042140,0.015930475
1049795,0.006443615
1006324,0.000897082
1003735,0.266567338
1025539,0.023365268
1003414,0.028189975
1012928,0.009969471
1039446,0.001978076
1028510,0.013371346
1019226,0.012336553
1016694,0.038509721
1014563,0.014710355
1045795,0.094532567
1027678,0.026366639
1033820,0.006326042
1020899,0.014477642
1014178,0.370436116
1023123,0.598221164
1028556,0.00208123
1031505,0.004515812
1014999,0.034312224
1030462,0.1590668
1019534,0.033415712
1035264,0.495945177
1009661,0.017423273
1004773,0.012673467
1013578,0.033603285
1010495,0.010055671
1013561,0.008829405
1049957,0.163392923
1009406,0.004011004
1014640,0.029352758
1030641,0.652477299
1022323,0.007179052
1049816,0.068966875
1023753,0.002094173
1037200,0.011404685
1009416,0.651205685
1002102,0.009017921
1010112,0.010201426
1005271,0.000504863
1007127,0.53773861
1007998,0.02828554
1043590,0.59216003
1033943,0.004604722
1022073,0.006216904
1034559,0.001253536
1030741,0.020515294
1025632,0.011077032
1042772,0.589469976
1011516,0.012257288
1011357,0.003037101
1034226,0.193749949
1039903,0.462035047
1021188,0.008358278
1046099,0.044384251
1003116,0.005604027
1004485,0.008527833
1012834,0.004289249
1017847,0.001344938
1019669,0.006083093
1044640,0.008415072
1038386,0.001740732
1044430,0.04412763
1013150,0.006875624
1020722,0.38473563
1038576,0.008877227
1049100,0.021119887
1021828,0.048065209
1037060,0.002922355
1042468,0.001352706
1036022,0.006750765
1045008,0.003709984
1025932,0.002051856
1045719,0.01611185
1035192,0.068426578
1035535,0.477316183
1028551,0.006760985
1016872,0.436647327
1038177,0.001456626
1010130,0.010255731
1045113,0.483925028
1037142,0.019944799
1034247,0.001741055
1014789,0.082850947
1000110,0.224975485
1040188,0.014008971
1039619,0.002249293
1009148,0.045500303
1016321,0.119318816
1033267,0.025805155
1031865,0.012353663
1004300,0.004986897
1037741,0.001891692
1019516,0.003520311
1018096,0.007012113
1041460,0.127561675
1002218,0.002711601
1047824,0.000350627
1031386,0.004075507
1025705,0.010655984
1042218,0.008902119
1014132,0.006083902
1043507,0.015203559
1000376,0.001500823
1032084,0.006604149
1030557,0.005405362
1016585,0.046123319
1012238,0.350420384
1044502,0.328057915
1032691,0.590415453
1028513,0.002397646
1000727,0.009260389
1028408,0.001468439
1010840,0.456430862
1030238,0.021520465
1030369,0.011891577
1015814,0.011853822
1018074,0.00083477
1046432,0.005067775
1020820,0.001881694
1022058,0.004481964
1028300,0.006343761
1016956,0.002117126
1003305,0.00215627
1046937,0.038280522
1023409,0.00631316
1044718,0.022042015
1031604,0.004431575
1042018,0.010233448
1000699,0.027105825
1002512,0.048972438
1010243,0.362062153
1010307,0.334272994
1017547,0.002275432
1033568,0.004275083
1028346,0.00231397
1022126,0.001107488
1024370,0.007171271
1047013,0.528569367
1004929,0.009129114
1027013,0.000696752
1028218,0.011241146
1047928,0.042586576
1000159,0.014174347
1004780,0.636100462
1041205,0.005939622
1007876,0.0192238
1028961,0.00738165
1027615,0.013802527
1016713,0.439374446
1032545,0.007579639
1000243,0.0070229
1031155,0.002599133
1041785,0.34887883
1018726,0.006998375
1010801,0.006141557
1036263,0.00395767
1015761,0.017449008
1041976,0.027856911
1006442,0.403344566
1031593,0.001088652
1023734,0.055092942
1025236,0.014628358
1036908,0.575363626
1045788,0.006764372
1026952,0.008972598
1009614,0.008439197
1048807,0.007486897
1042388,0.194943527
1048289,0.002819971
1004131,0.008831408
1025398,0.714348879
1001540,0.496274416
1043109,0.008349873
1035051,0.016543291
1046560,0.003490533
1010593,0.001989709
1042261,0.000311715
1035544,0.013135713
1014272,0.005994129
1036423,0.021518683
1009401,0.007216287
1032617,0.020259427
1024275,0.537141982
1012078,0.011128569
1038661,0.008484097
1038762,0.005035732
1042568,0.027561503
1037524,0.726623442
1036029,0.228795951
1005466,0.515878031
1029105,0.496201643
1029203,0.294553162
1014094,0.320622605
1041026,0.323650308
1041513,0.724615059
1008118,0.266918837
1004638,0.438817989
1005477,0.408359478
1039755,0.072849116
1008730,0.885790794
1002062,0.356638061
1007856,0.313827863
1018368,0.154347152
1042032,0.44343427
1049029,0.251607601
1029877,0.002459061
1000267,0.002980149
1007181,0.062791805
1008017,0.106534852
1010545,0.00780125
1038172,0.511674849
1001570,0.00436467
1048300,0.006294453
1044328,0.626948278
1032591,0.025353964
1022132,0.018149241
1009244,0.005229318
1026110,0.01479834
1010835,0.56020747
1014508,0.00311808
1013121,0.008340952
1004699,0.008206733
1018757,0.004877287
1040756,0.600765699
1038241,0.004915071
1042428,0.392901697
1017866,0.002872748
1003617,0.007142068
1023248,0.001260676
1049806,0.263169081
1007700,0.011670028
1044647,0.017437811
1046252,0.289498879
1019980,0.008019999
1048172,0.023286329
1042671,0.010167144
1035060,0.079333472
1009680,0.480340722
1046848,0.572252254
1039995,0.016715238
1019248,0.002875948
1016370,0.703795753
1004473,0.022927413
1033654,0.206463262
1007879,0.429677241
1015024,0.68693085
1033857,0.698394765
1016968,0.194228244
1016794,0.484142342
1049209,0.480799451
1027769,0.35377548
1047082,0.627813574
1001526,0.032065703
1045747,0.030454007
1018304,0.012112162
1024318,0.045439391
1041729,0.550546112
1024333,0.496581778
1012810,0.018786984
1030521,0.30504771
1033153,0.416661344
1013622,0.002997656
1044174,0.005011148
1041814,0.594089715
1042709,0.008237468
1011968,0.476826297
1028886,0.014126213
1023475,0.538268961
1024297,0.003108315
1048088,0.002608739
1034531,0.283365197
1022899,0.422483529
1039216,0.601324896
1012710,0.223765188
1047791,0.540519985
1003751,0.097190104
1028946,0.417471286
1013024,0.765846072
1037292,0.323833445
1012420,0.008720144
1011660,0.020817013
1023231,0.014132228
1000827,0.053225175
1034696,0.684261212
1018106,0.004793709
1002371,0.011098512
1016822,0.051122422
1025410,0.001332137
1049804,0.017126863
1039032,0.018624214
1012531,0.004993621
1010932,0.001744057
1043235,0.006650986
1033375,0.491163841
1041076,0.337820711
1030037,0.205165617
1011307,0.132929462
1000773,0.092465531
1005435,0.379007633
1043347,0.86476054
1038777,0.59356205
1044239,0.701068272
1002275,0.430864923
1019868,0.001875142
1017294,0.011494036
1029674,0.00740984
1009637,0.011300487
1027778,0.241807195
1021288,0.007468157
1030845,0.001940698
1015667,0.016488694
1022145,0.013768481
1028860,0.008534868
1007843,0.343341517
1017291,0.001786929
1037600,0.102277267
1019502,0.594839262
1035308,0.198804591
1014413,0.350303549
1000604,0.440456815
1013966,0.372454002
1001085,0.367541292
1003339,0.203858033
1021644,0.164118198
1017599,0.016641715
1024580,0.014996525
1042285,0.009294703
1018224,0.018781535
1027745,0.013532447
1031005,0.003250903
1005745,0.020777498
1043844,0.626481051
1015637,0.005001183
1022537,0.344899661
1018949,0.300437556
1049144,0.486438903
1035220,0.635784015
1021905,0.212839361
1020353,0.149566253
1017330,0.604016029
1017747,0.323474462
1039559,0.60710359
1022979,0.804523398
1014522,0.098505728
1040460,0.180110177
1024193,0.015602397
1013053,0.628535162
1010493,0.005318848
1026626,0.004503981
1049979,0.000412012
1021981,0.010463041
1002717,0.004333892
1013438,0.003085701
1024345,0.00023798
1019825,0.472289526
1041284,0.351593022
1008302,0.360324
1047293,0.145399943
1020945,0.119665975
1046982,0.770252205
1026934,0.165248058
1049472,0.387523545
1044883,0.411838215
1012232,0.013852599
1010531,0.019081122
1045802,0.541674611
1004539,0.000927258
1048646,0.008174399
1035760,0.017254848
1048109,0.008676522
1015880,0.03663664
1015005,0.020630354
1031954,0.037544131
1034550,0.24112486
1038754,0.009359556
1002505,0.332587795
1022307,0.123108303
1010048,0.502851941
1003640,0.731181879
1007342,0.400684639
1013536,0.312357105
1028871,0.224092292
1027548,0.261512748
1014852,0.244691162
1037358,0.008582497
1049123,0.007424794
1014674,0.357950318
1011552,0.063296641
1007104,0.035162999
1003425,0.007537176
1001783,0.009080571
1045584,0.076731215
1000755,0.00873472
1019104,0.306053746
1001499,0.53302137
1002724,0.128100814
1040757,0.582370603
1032358,0.26311026
1002541,0.429176829
1040014,0.497199649
1032505,0.544305036
1034241,0.448158952
1015320,0.002637533
1014251,0.003873744
1020056,0.033650526
1028980,0.016029642
1040043,0.007146379
1045485,0.008303478
1033171,0.230690029
1005311,0.304164182
1018681,0.001404819
1024503,0.110946082
1039906,0.50354345
1001420,0.254997907
1042649,0.409543401
1022957,0.390288984
1024117,0.179808887
1006474,0.476097624
1047763,0.519460701
1001432,0.207370004
1045658,0.014918561
1023819,0.001498943
1011255,0.001992816
1001837,0.695721674
1007323,0.023842462
1012075,0.004028281
1030848,0.004692853
1032681,0.003519668
1032990,0.721495015
1041270,0.000867544
1023561,0.001210304
1011496,0.013010842
1031376,0.43061076
1047192,0.001321004
1037187,0.015735141
1016677,0.028171115
1043007,0.003984414
1011010,0.020746341
1045721,0.026361816
1008548,0.014811866
1017306,0.006111057
1029827,0.469919788
1000956,0.039583403
1037930,0.018249261
1015279,0.569917963
1020193,0.003662071
1044037,0.023121975
1030204,0.00468814
1017564,0.011654242
1026726,0.009188132
1007359,0.003073818
1014763,0.003241038
1045843,0.003217986
1028342,0.014595103
1002871,0.025279609
1046267,0.007745086
1010896,0.004503878
1015746,0.514975716
1023557,0.014022373
1003977,0.0211293
1019888,0.000308985
1041330,0.248217382
1003500,0.385860842
1039104,0.003778479
1021875,0.000682714
1038445,0.005215119
1042171,0.008150744
1037057,0.004872358
1007192,0.124399319
1049096,0.007866884
1015318,0.008735143
1007148,0.004383364
1004024,0.003028093
1011208,0.016788097
1011335,0.021849719
1012774,0.039764702
1019647,0.006245867
1039460,0.356539569
1020576,0.00504922
1036711,0.268774571
1046239,0.005579473
1002053,0.046066931
1045520,0.004510967
1016051,0.377971395
1016092,0.004965807
1018829,0.609077419
1020294,0.005297203
1012911,0.01973742
1037517,0.005979086
1008993,0.002268106
1047349,0.695804785
1014617,0.002111994
1009327,0.01323419
1041352,0.458454828
1009887,0.0208734
1041255,0.001349191
1033591,0.007714512
1004380,0.00124673
1007378,0.008391904
1024843,0.004565196
1019828,0.23431189
1003185,0.571194502
1004547,0.3673403
1011645,0.003520717
1039824,0.0007325
1035521,0.038085639
1012588,0.005289956
1017859,0.002867567
1007064,0.024496611
1010019,0.010176404
1046019,0.003362583
1030426,0.007633746
1040612,0.012404311
1044976,0.236457366
1010815,0.004592986
1048428,0.012095763
1022857,0.005865134
1032665,0.003220935
1021791,0.006546271
1014318,0.01463686
1037297,0.011484178
1016156,0.023676198
1027734,0.004249947
1013717,0.048563312
1007603,0.427358965
1043863,0.007442191
1016976,0.01028896
1043474,0.001155925
1038359,0.037439877
1028525,0.035366813
1028159,0.524032127
1001853,0.21644621
1048704,0.046650937
1004469,0.005032371
1038273,0.010343997
1017844,0.02429442
1012181,0.0264281
1000737,0.007946446
1002195,0.003272408
1021597,0.00117759
1018746,0.470731676
1013164,0.024005607
1043860,0.190184287
1001409,0.014789908
1044821,0.259151114
1033597,0.019704457
1009126,0.001198974
1005704,0.018899655
1038424,0.288685866
1034980,0.002585367
1007775,0.467050274
1038518,0.00298417
1027293,0.029035456
1007682,0.006198934
1015582,0.00175563
1043255,0.010354547
1002793,0.008427569
1000028,0.044167234
1014390,0.009125109
1041804,0.115426065
1028904,0.033905108
1000039,0.00261365
1037649,0.04919856
1046939,0.004034729
1016256,0.003727143
1022854,0.007342759
1025488,0.006036533
1047568,0.049590557
1031105,0.014286156
1024839,0.005398252
1033184,0.003312575
1016227,0.011412816
1028843,0.032850003
1025406,0.064288169
1012134,0.002449693
1047358,0.00706069
1035553,0.003280286
1028204,0.003518063
1013658,0.716533976
1029722,0.039400114
1047467,0.012748689
1047619,0.014039658
1041614,0.031661423
1022929,0.001545961
1027755,0.007446286
1013720,0.565020958
1015440,0.002250077
1043149,0.017941234
1036982,0.137754044
1010857,0.020877645
1019691,0.009050633
1017140,0.068535211
1028108,0.009247513
1008231,0.003711125
1029507,0.015002354
1043429,0.003267735
1029581,0.077204154
1047604,0.000833713
1043288,0.643498352
1001204,0.019980619
1032322,0.011812363
1013067,0.005960736
1026752,0.010152562
1001950,0.004842736
1049482,0.000737807
1041552,0.006786989
1048845,0.013335304
1040432,0.003591988
1024955,0.002888543
1012846,0.682737871
1029786,0.006880458
1016340,0.023011581
1041693,0.006858971
1037455,0.011646588
1031867,0.024505199
1006458,0.00237368
1039048,0.001559927
1013649,0.002436736
1031813,0.034837084
1030335,0.072706323
1031812,0.014979007
1022703,0.017025792
1041078,0.00562907
1016424,0.033241903
1036836,0.005189901
1033856,0.002685592
1029091,0.000568214
1007567,0.001752121
1031166,0.028516611
1036153,0.013093743
1010588,0.475535455
1025123,0.382376521
1003120,0.005001293
1039462,0.008921981
1011814,0.016844126
1005774,0.184600632
1026426,0.012146761
1046709,0.012605038
1006371,0.008426098
1039092,0.002546555
1020989,0.038156675
1008150,0.001171626
1001749,0.023567202
1036475,0.005450408
1043670,0.027811417
1008181,0.017644224
1040449,0.012127032
1021933,0.00064351
1007308,0.012762971
1005787,0.397116744
1024290,0.257683995
1012764,0.461786811
1016816,0.22284752
1042334,0.222086617
1042303,0.059688414
1021130,0.007514474
1016087,0.009060125
1034776,0.012966142
1016483,0.180499499
1040852,0.089880375
1037565,0.025103155
1019999,0.003838344
1017925,0.010674707
1009088,0.073281927
1017442,0.016262653
1032728,0.259437404
1016842,0.005379673
1000253,0.261227808
1012828,0.009177086
1024004,0.004751667
1042867,0.411822309
1049314,0.002687844
1022753,0.038885925
1033283,0.004064782
1019287,0.011145727
1046030,0.271788089
1025304,0.291853213
1048449,0.003646416
1019085,0.006416782
1032377,0.005411375
1041676,0.005799717
1003450,0.064132047
1010922,0.008400748
1008413,0.673763843
1032577,0.044559714
1028735,0.167609969
1000429,0.117239792
1044303,0.005502372
1042758,0.006045735
1026716,0.003381945
1002229,0.001525739
1030725,0.32067965
1030850,0.138982191
1049381,0.026342356
1002103,0.001299443
1038407,0.045448329
1003870,0.001298854
1033993,0.36618497
1009304,0.001857173
1014385,0.005469484
1008321,0.318414329
1029199,0.058575595
1043357,0.013075516
1049274,0.367645142
1030995,0.002335452
1009141,0.514877241
1008787,0.005550874
1049766,0.009115757
1049583,0.000618322
1036915,0.013960149
1026686,0.027730543
1006881,0.006789436
1007309,0.010971163
1037259,0.00424003
1011667,0.006572605
1016045,0.055588746
1009790,0.002082683
1043671,0.140380837
1049022,0.299547113
1041483,0.009066688
1015534,0.015175294
1045357,0.011158953
1003754,0.010420041
1002443,0.008530227
1008555,0.010163432
1045096,0.023624477
1046281,0.035685226
1016569,0.001313961
1022042,0.01246637
1041584,0.020781111
1010787,0.007088746
1013375,0.00225123
1009086,0.005563499
1010315,0.00498629
1020040,0.003414821
1043714,0.032006696
1001871,0.190431627
1025008,0.018093577
1047104,0.050908899
1038329,0.000407137
1030534,0.010294141
1029291,0.016307285
1009326,0.010626972
1004521,0.002246009
1011304,0.01295613
1002699,0.016493169
1035283,0.091906034
1035689,0.526525321
1033031,0.066033004
1022438,0.007653744
1003085,0.006725528
1016185,0.003046328
1027377,0.006334667
1033378,0.012926383
1047229,0.007368473
1037676,0.751800252
1030889,0.005840404
1020116,0.019644717
1046766,0.007160281
1036662,0.003484616
1032444,0.010029554
1039518,0.00083627
1022877,0.000948852
1032206,0.007539032
1025760,0.022528533
1003140,0.019471027
1001102,0.00525108
1018731,0.008613282
1031549,0.001432282
1048062,0.001429588
1022913,0.010156064
1048730,0.004125221
1048217,0.005413752
1021477,0.00061893
1004505,0.015107619
1035823,0.003870569
1025819,0.001053288
1020597,0.01385815
1020679,0.241177165
1002900,0.093821555
1018040,0.546179925
1024764,0.239355689
1046537,0.279037106
1004267,0.515490491
1049649,0.56887284
1037495,0.214588294
1010125,0.155631568
1022478,0.72623189
1038322,0.591931169
1043910,0.343496644
1046834,0.012497249
1027372,0.010139992
1033192,0.001890938
1031269,0.002880907
1009774,0.004458308
1016807,0.002516196
1046951,0.014639707
1033310,0.566214978
1047842,0.014344584
1000141,0.012118892
1030017,0.004964715
1043285,0.401480981
1001260,0.365411295
1014514,0.170093651
1044229,0.448611039
1033890,0.213728507
1011474,0.35705255
1002801,0.397388873
1005368,0.3514111
1048036,0.499341394
1018931,0.471694089
1049972,0.011588745
1028206,0.014634458
1009354,0.002928254
1018684,0.000992759
1009676,0.017433164
1042086,0.001337262
1030458,0.006250428
1046471,0.001972728
1022174,0.062969975
1015372,0.000542357
1012601,0.011175543
1016043,0.005368523
1024831,0.26149193
1027512,0.003121968
1003737,0.006615407
1033263,0.007146913
1036350,0.000852889
1025526,0.471754035
1031841,0.603646494
1046860,0.111860788
1048167,0.242888153
1026619,0.120958225
1045056,0.510025251
1006211,0.287975701
1030016,0.295010865
1012859,0.429179026
1011229,0.005401
1040085,0.001849866
1013241,0.005465353
1001072,0.018649434
1045289,0.003681542
1004523,0.044394434
1032209,0.004065984
1043580,0.403977204
1044260,0.006350944
1044901,0.003638859
1016834,0.000402086
1008873,0.093373663
1005827,0.004940624
1032922,0.36005579
1025551,0.005102194
1003832,0.245579367
1007409,0.313980027
1008040,0.432652393
1026615,0.51935428
1044126,0.403970801
1024207,0.057517148
1033980,0.312650635
1049432,0.502435381
1006581,0.550317283
1019242,0.024817673
1019791,0.000982953
1013512,0.208325306
1007971,0.604580521
1001846,0.005376449
1025218,0.006440141
1002052,0.019863117
1034611,0.003464344
1039572,0.02311388
1004896,0.003467061
1031815,0.378964929
1003672,0.012646567
1032856,0.002102698
1013133,0.368031833
1032872,0.003602853
1028422,0.228416267
1043859,0.768648848
1039853,0.490771804
1048079,0.386776305
1032798,0.142492303
1016960,0.298545287
1004752,0.303800745
1018263,0.23002787
1006067,0.190621499
1000904,0.022754822
1049591,0.028394245
1004358,0.42159106
1048531,0.004496723
1034318,0.014066706
1042639,0.018666572
1029913,0.421731515
1039035,0.339953276
1011264,0.001199696
1046387,0.021314689
1035851,0.001782476
1004010,0.004048081
1017984,0.467709079
1026294,0.434244621
1035828,0.631282479
1020805,0.387986148
1010868,0.044240354
1011000,0.302801899
1003851,0.256784394
1006536,0.668437084
1010371,0.315358239
1041988,0.093543455
1007105,0.002368612
1014086,0.008275404
1045869,0.000839266
1016400,0.033858848
1020695,0.527928986
1022180,0.08433197
1041585,0.01966551
1023100,0.005026515
1024269,0.6459939
1015239,0.566136201
1018769,0.167114408
1000362,0.356824071
1038376,0.244120596
1030363,0.464428306
1043038,0.159728905
1012811,0.366683306
1017553,0.077665474
1035212,0.008578343
1007755,0.140592053
1003314,0.004791875
1004774,0.025484442
1018429,0.007641416
1003409,0.00938522
1001025,0.475923049
1049940,0.000621661
1022942,0.088615997
1003244,0.009868304
1020646,0.173928436
1017627,0.001743323
1039408,0.005149365
1002660,0.581691172
1038809,0.00886521
1027116,0.378203585
1045638,0.0253624
1032063,0.029898708
1018637,0.013310535
1018957,0.01620036
1032508,0.005758932
1045416,0.009617664
1018298,0.009319534
1034492,0.000963905
1020078,0.006939521
1048059,0.005186226
1042546,0.006915838
1030285,0.015301636
1047721,0.004215446
1028377,0.003326855
1037238,0.00124027
1004093,0.430853958
1038110,0.012842307
1020381,0.0122037
1040970,0.31867821
1035514,0.482365828
1021902,0.001596779
1009267,0.336954137
1029167,0.015522793
1018976,0.000858413
1015110,0.309942654
1037302,0.012476944
1021553,0.024656999
1041216,0.004460621
1010524,0.004593418
1003398,0.013373662
1015523,0.37623836
1038119,0.016070178
1000341,0.021731821
1025469,0.007321931
1035389,0.018798775
1012766,0.02931504
1010470,0.002853069
1010397,0.014441033
1033903,0.356904489
1013108,0.006150744
1023144,0.021609563
1016405,0.526287221
1010662,0.046594885
1030696,0.001253422
1001068,0.65687421
1005637,0.020814612
1021176,0.027512732
1046963,0.015764237
1042861,0.010344427
1049344,0.008678226
1032902,0.006561888
1048713,0.007602636
1003300,0.002773515
1047698,0.572992776
1030199,0.013035294
1049282,0.020938892
1047021,0.001838577
1011009,0.010245197
1041495,0.042703951
1027606,0.002438167
1036118,0.00373285
1015252,0.02275258
1011401,0.042768877
1015736,0.033972905
1001400,0.016991038
1022790,0.003713109
1048702,0.009777082
1043840,0.209717668
1042901,0.018142363
1046525,0.523925011
1036878,0.027138289
1016148,0.038733335
1009935,0.013794174
1004054,0.763442879
1048102,0.001853817
1005319,0.006168161
1010309,0.019797184
1047592,0.254395386
1001760,0.712014156
1039112,0.370689603
1024168,0.022477428
1042073,0.039067012
1019215,0.003444786
1040134,0.642724396
1046634,0.020645279
1047925,0.084971145
1027947,0.01673752
1007605,0.008076096
1003530,0.014009263
1021290,0.000773739
1037854,0.410811569
1009298,0.011013762
1044234,0.007484858
1035290,0.596755118
1000688,0.005084706
1013553,0.005257164
1029473,0.63524338
1000369,0.060240064
1034490,0.436617827
1012439,0.02720306
1026769,0.534055776
1038023,0.007394649
1036299,0.005814413
1021306,0.601378151
1049683,0.017743821
1028150,0.78181459
1013961,0.016789347
1029329,0.00435108
1008725,0.007252811
1042031,0.695397883
1041085,0.653716063
1014512,0.002483249
1024159,0.010113468
1010040,0.006651875
1013543,0.229166825
1006920,0.028058536
1033352,0.037130904
1038265,0.006892568
1036934,0.008738555
1022794,0.001186015
1004863,0.008377338
1027696,0.00391482
1011294,0.001204061
1038048,0.232991849
1045509,0.003838753
1040513,0.013711449
1018321,0.005334873
1047656,0.02661769
1048176,0.006195526
1039989,0.004217592
1048948,0.00449492
1013293,0.608125835
1048677,0.028537224
1036760,0.007999592
1042257,0.222721608
1016428,0.010960188
1001031,0.352448978
1022003,0.00504247
1017284,0.032260212
1000166,0.580973181
1047762,0.00266216
1027970,0.007282894
1041990,0.005228704
1021605,0.006434852
1006934,0.002437668
1044867,0.001585692
1011078,0.006845715
1024853,0.006495747
1041218,0.089698147
1001186,0.757165031
1020686,0.002553841
1018820,0.003413507
1041608,0.006511144
1033029,0.267608943
1022032,0.000954225
1006569,0.035126003
1015016,0.003652293
1025382,0.003154604
1043937,0.143953938
1049053,0.332878229
1040669,0.348607274
1023810,0.505757291
1041761,0.400547136
1003857,0.102586823
1021424,0.373481919
1016813,0.563869997
1038618,0.581217913
1047541,0.012311
1035663,0.015042072
1032099,0.137902168
1008856,0.496332197
1016651,0.010460266
1024140,0.001506136
1014316,0.008059013
1012946,0.002251599
